# id	Compound name	CAS number	inChiKey	Smiles
0	jasmone	488-10-8	XMLSXPIVAXONDL-PLNGDYQASA-N	CC\C=C/CC1=C(C)CCC1=O
1	5-methylhexanoic_acid	628-46-6	MHPUGCYGQWGLJL-UHFFFAOYSA-N	CC(C)CCCC(O)=O
2	l-glutamine	56-85-9	ZDXPYRJPNDTMRX-VKHMYHEASA-N	N[C@@H](CCC(N)=O)C(O)=O
3	1-methyl-3-methoxy-4-isopropylbenzene	1076-56-8	LSQXNMXDFRRDSJ-UHFFFAOYSA-N	COc1cc(C)ccc1C(C)C
4	methyl-3-phenylpropionate	103-25-3	RPUSRLKKXPQSGP-UHFFFAOYSA-N	COC(=O)CCc1ccccc1
5	3-mercapto-2-methylpentan-1-ol_(racemic)	227456-27-1	HABNNYNSJFKZFE-UHFFFAOYSA-N	CCC(C(C)CO)S
6	ethyl-3-hydroxybutyrate	5405-41-4	OMSUIQOIVADKIM-UHFFFAOYSA-N	CCOC(=O)CC(C)O
7	cyclohexyl_butyrate	1551-44-6	VZHUBBUZNIULNM-UHFFFAOYSA-N	CCCC(=O)OC1CCCCC1
8	methyl_dihydrojasmonate	24851-98-7	KVWWIYGFBYDJQC-UHFFFAOYSA-N	CCCCCC1C(CCC1=O)CC(=O)OC
9	methyl_2-methylthiobutyrate	42075-45-6	IAMIOPHEADLKFT-UHFFFAOYSA-N	CCC(C)C(=O)SC
10	2-(1-methylpropyl)thiazole	18277-27-5	MHJSWOZJMPIGJQ-UHFFFAOYSA-N	CCC(C)c1sccn1
11	octyl_propionate	142-60-9	CEQGYPPMTKWBIU-UHFFFAOYSA-N	CCCCCCCCOC(=O)CC
12	2_or_5_or_6-methoxy-3-methylpyrazine_(mixture_of_isomers)	68378-13-2	VKJIAEQRKBQLLA-UHFFFAOYSA-N	COc1nccnc1C
13	l-_and_dl-alanine	302-72-7	QNAYBMKLOCPYGJ-UHFFFAOYSA-N	CC(N)C(O)=O
14	2-propionyl-2-thiazoline	29926-42-9	MFQABLFJUQNPAC-UHFFFAOYSA-N	CCC(=O)C1=NCCS1
15	2-trans-3,7-dimethylocta-2,6-dienyl-2-ethyl_butanoate	73019-14-4	PFVYLGTZGQUUOT-SDNWHVSQSA-N	CCC(CC)C(=O)OC/C=C(C)/CCC=C(C)C
16	10-undecenal	112-45-8	OFHHDSQXFXLTKC-UHFFFAOYSA-N	C=CCCCCCCCCC=O
17	(z)-3_&amp;_(e)-2-hexenyl_propionate_(mixture)	33467-74-2	LGTLDEUQCOJGFP-WAYWQWQTSA-N	CC\C=C/CCOC(=O)CC
18	(+/?)-1-phenylethylmercaptan	6263-65-6	QZZBJCFNHPYNKO-UHFFFAOYSA-N	CC(S)c1ccccc1
19	3,5-diethyl-2-methylpyrazine	18138-05-1	MRWLZECVHMHMGI-UHFFFAOYSA-N	CCc1cnc(C)c(CC)n1
20	lactic_acid	598-82-3	JVTAAEKCZFNVCJ-UHFFFAOYSA-N	CC(O)C(O)=O
21	linalyl_butyrate	78-36-4	FHLGUOHLUFIAAA-UHFFFAOYSA-N	CCCC(=O)OC(C)(CCC=C(C)C)C=C
22	methylsulfinylmethane	67-68-5	IAZDPXIOMUYVGZ-UHFFFAOYSA-N	C[S](C)=O
23	ethyl_2,4,7-decatrienoate	78417-28-4	KRCQDQXKPOKJOE-WLNWXRDVSA-N	CCOC(=O)\C=C\C=C\C\C=C\CC
24	lauryl_acetate	112-66-3	VZWGRQBCURJOMT-UHFFFAOYSA-N	CCCCCCCCCCCCOC(C)=O
25	4-methoxy-2-methyl-2-butanethiol	94087-83-9	XVHGKKGBUDMTIQ-UHFFFAOYSA-N	COCCC(C)(C)S
26	4-heptanone	123-19-3	HCFAJYNVAYBARA-UHFFFAOYSA-N	CCCC(=O)CCC
27	benzothiazole	95-16-9	IOJUPLGTWVMSFF-UHFFFAOYSA-N	s1cnc2ccccc12
28	p-menthan-2-ol	499-69-4	ULJXKUJMXIVDOY-OPRDCNLKSA-N	CC(C)[C@@H]1CC[C@@H](C)[C@H](O)C1
29	w-6-hexadecenlactone	7779-50-2	HMWPDRYGIBLSHB-XQRVVYSFSA-N	C1(=O)OCCCCCCCCCC=CCCCC1
30	terpinyl_propionate	80-27-3	CMKQOKAXUWQAHG-UHFFFAOYSA-N	CCC(=O)OC(C)(C)C1CCC(=CC1)C
31	(z)-3-hexenyl_valerate	35852-46-1	XPFTVTFOOTVHIA-FNORWQNLSA-N	CCCCC(=O)OCC\C=C\CC
32	(+/?)-(2,6,6-trimethyl-2-hydroxycyclohexylidene)_ace-tic_acid_g-lactone	15356-74-8	IMKHDCBNRDRUEB-UHFFFAOYSA-N	CC1(C)CCCC2(C)OC(=O)C=C12
33	2,6,6-trimethyl-1,2-cyclohexen-1-carboxaldehyde	977045-71-8	@@@	@@@
34	2-acetylfuran	1192-62-7	IEMMBWWQXVXBEU-UHFFFAOYSA-N	CC(=O)c1occc1
35	nonyl_acetate	143-13-5	GJQIMXVRFNLMTB-UHFFFAOYSA-N	CCCCCCCCCOC(C)=O
36	3-methyl-1,2,4-trithiane	43040-01-3	UXPUEXDAOSQIQS-UHFFFAOYSA-N	CC1SCCSS1
37	4'-methylacetophenone	122-00-9	GNKZMNRKLCTJAY-UHFFFAOYSA-N	CC(=O)c1ccc(C)cc1
38	4-hydroxy-3-methoxybenzoic_acid	121-34-6	WKOLLVMJNQIZCI-UHFFFAOYSA-N	COc1cc(ccc1O)C(O)=O
39	hexyl_isovalerate	10032-13-0	RSDDTPVXLMVLQE-UHFFFAOYSA-N	CCCCCCOC(=O)CC(C)C
40	2-methylpyrazine	109-08-0	CAWHJQAVHZEVTJ-UHFFFAOYSA-N	Cc1cnccn1
41	cycloionone	5552-30-7	LMMQCPDIOMQXNL-UHFFFAOYSA-N	CCOC(=O)c1ccccc1NC(=O)c2ccc(cc2Cl)[N+]([O-])=O
42	isopropyl_hexanoate	2311-46-8	JSHDAORXSNJOBA-UHFFFAOYSA-N	CCCCCC(=O)OC(C)C
43	4-allyl-2,_6-dimethoxyphenol	6627-88-9	FWMPKHMKIJDEMJ-UHFFFAOYSA-N	COc1cc(CC=C)cc(OC)c1O
44	octyl_acetate	112-14-1	YLYBTZIQSIBWLI-UHFFFAOYSA-N	CCCCCCCCOC(C)=O
45	p-mentha-1,8-dien-7-al	2111-75-3	RUMOYJJNUMEFDD-UHFFFAOYSA-N	CC(=C)C1CCC(=CC1)C=O
46	benzyl_cinnamate	103-41-3	NGHOLYJTSCBCGC-VAWYXSNFSA-N	O=C(OCc1ccccc1)/C=C/c2ccccc2
47	thaumatin	53850-34-3	IVPOQXWRUMMORK-UHFFFAOYSA-N	CC(=O)NC1=CC=C(C=C1)S(=O)(=O)N2CCN(CC2)C3CCCCCC3
48	p-ethylphenol	123-07-9	HXDOZKJGKXYMEW-UHFFFAOYSA-N	CCc1ccc(O)cc1
49	3-octyl_acetate	4864-61-3	STZUZYMKSMSTOU-UHFFFAOYSA-N	CCCCCC(CC)OC(=O)C
50	isoamyl_formate	110-45-2	XKYICAQFSCFURC-UHFFFAOYSA-N	CC(C)CCOC=O
51	pyroligneous_acid	8030-97-5	HYBBIBNJHNGZAN-UHFFFAOYSA-N	C1=COC(=C1)C=O
52	3-ethylpyridine	536-78-7	MFEIKQPHQINPRI-UHFFFAOYSA-N	CCc1cccnc1
53	methyl_p-hydroxybenzoate	99-76-3	LXCFILQKKLGQFO-UHFFFAOYSA-N	COC(=O)c1ccc(O)cc1
54	disodium_5'-inosinate	4691-65-0	AANLCWYVVNBGEE-IDIVVRGQSA-L	[Na+].[Na+].O[C@H]1[C@@H](O)[C@@H](O[C@@H]1CO[P]([O-])([O-])=O)n2cnc3C(=O)N=CNc23
55	isoamyl_cinnamate	7779-65-9	JFHCDEYLWGVZMX-CMDGGOBGSA-N	CC(C)CCOC(=O)/C=C/c1ccccc1
56	isoamyl_acetate	123-92-2	MLFHJEHSLIIPHL-UHFFFAOYSA-N	CC(C)CCOC(C)=O
57	dihydrocoumarin	119-84-6	VMUXSMXIQBNMGZ-UHFFFAOYSA-N	O=C1CCc2ccccc2O1
58	cis-3-hexenyl_isovalerate	35154-45-1	AIQLNKITFBJPFO-WAYWQWQTSA-N	CC\C=C/CCOC(=O)CC(C)C
59	2-isobutyl-3-methylpyrazine	13925-06-9	ZHMIODDNZRIENW-UHFFFAOYSA-N	CC(C)Cc1nccnc1C
60	2-ethylhexanethiol	7341-17-5	UCJMHYXRQZYNNL-UHFFFAOYSA-N	CCCCC(CC)CS
61	geranyl_butyrate	106-29-6	ZSBOMYJPSRFZAL-JLHYYAGUSA-N	CCCC(=O)OC/C=C(C)/CCC=C(C)C
62	trans,_trans-2,4-hexadienal	142-83-6	BATOPAZDIZEVQF-MQQKCMAXSA-N	C/C=C/C=C/C=O
63	3-penten-2-one	625-33-2	LABTWGUMFABVFG-ARJAWSKDSA-N	C\C=C/C(C)=O
64	2-dodecenal	4826-62-4	SSNZFFBDIMUILS-KHPPLWFESA-N	CCCCCCCCC\C=C/C=O
65	n-butyl_valerate	591-68-4	OKJADYKTJJGKDX-UHFFFAOYSA-N	CCCCOC(=O)CCCC
66	rhodinyl_formate	141-09-3	VMBKZHMLQXCNCP-UHFFFAOYSA-N	CC(CCCC(C)=C)CCOC=O
67	(e)-2-decenoic_acid	334-49-6	WXBXVVIUZANZAU-CMDGGOBGSA-N	CCCCCCC/C=C/C(O)=O
68	4-methyl-2,3-pentanedione	7493-58-5	JENYBWHRLYZSSZ-UHFFFAOYSA-N	CC(C)C(=O)C(C)=O
69	hydroxynonanoic_acid,_d-lactone	3301-94-8	PXRBWNLUQYZAAX-UHFFFAOYSA-N	CCCCC1CCCC(=O)O1
70	2-propionylpyrroline	133447-37-7	OVNCGQSYSSYBPO-UHFFFAOYSA-N	CCC(=O)C1=NCCC1
71	methyl_thiobutyrate	2432-51-1	GRLJIIJNZJVMGP-UHFFFAOYSA-N	CCCC(=O)SC
72	l-tyrosine	60-18-4	OUYCCCASQSFEME-UHFFFAOYSA-N	NC(Cc1ccc(O)cc1)C(O)=O
73	g-dodecalactone	2305-05-07	WGPCZPLRVAWXPW-UHFFFAOYSA-N	CCCCCCCCC1CCC(=O)O1
74	(z)-3-hexenyl_(e)-2-butenoate	65405-80-3	KITGYVIOYOCIIE-PTFSRLPTSA-N	CC/C=C/CCOC(=O)\C=C\C
75	3,7-dimethyl-1,3,6-octatriene	13877-91-3	IHPKGUQCSIINRJ-CSKARUKUSA-N	CC(C)=CC\C=C(/C)C=C
76	2-trans-6-cis-dodecadienal	21662-13-5	VPEGROOEBNSCCL-MVQNEBOGSA-N	CCCCC/C=C/CC\C=C\C=O
77	isobutyl_2-butenoate	589-66-2	XDOWKOALJBOBBL-PLNGDYQASA-N	C\C=C/C(=O)OCC(C)C
78	2,6-dimethyl-5-heptenal	106-72-9	YGFGZTXGYTUXBA-UHFFFAOYSA-N	CC(CCC=C(C)C)C=O
79	methyl_citronellate	2270-60-2	ZFLPOPCZMXGUOJ-UHFFFAOYSA-N	COC(=O)CC(C)CCC=C(C)C
80	methyl_2-hydroxy-4-methylpentanoate	40348-72-9	JOSNYUDSMPILKL-UHFFFAOYSA-N	COC(=O)C(O)CC(C)C
81	isoamyl_octanoate	2035-99-6	XKWSWANXMRXDES-UHFFFAOYSA-N	CCCCCCCC(=O)OCCC(C)C
82	4-(methylthio)-2-oxobutanoic_acid	583-92-6	SXFSQZDSUWACKX-UHFFFAOYSA-N	CSCCC(=O)C(O)=O
83	4-ethyloctanoic_acid	16493-80-4	PWKJMPFEQOHBAC-SECBINFHSA-M	CCCC[C@@H](CC)CCC([O-])=O
84	2,3-dimethylpyrazine	5910-89-4	OXQOBQJCDNLAPO-UHFFFAOYSA-N	Cc1nccnc1C
85	2-methyl-4-propyl-1,3-oxathiane	67715-80-4	GKGOLPMYJJXRGD-UHFFFAOYSA-N	CCCC1CCOC(C)S1
86	ethyl_butyrate	105-54-4	OBNCKNCVKJNDBV-UHFFFAOYSA-N	CCCC(=O)OCC
87	difurfuryl_ether	4437-22-3	YEQMNLGBLPBBNI-UHFFFAOYSA-N	C(OCc1occc1)c2occc2
88	valencene	4630-07-03	QEBNYNLSCGVZOH-UHFFFAOYSA-N	CC1CCC=C2CCC(CC12C)C(C)=C
89	methyl_2-methylpentanoate	2177-77-7	ZTULNMNIVVMLIU-UHFFFAOYSA-N	CCCC(C)C(=O)OC
90	menthol	89-78-1	NOOLISFMXDJSKH-KXUCPTDWSA-N	CC(C)[C@@H]1CC[C@@H](C)C[C@H]1O
91	methyl_valerate	624-24-8	HNBDRPTVWVGKBR-UHFFFAOYSA-N	CCCCC(=O)OC
92	diphenyl_ether	101-84-8	USIUVYZYUHIAEV-UHFFFAOYSA-N	O(c1ccccc1)c2ccccc2
93	g-hexalactone	695-06-7	JBFHTYHTHYHCDJ-UHFFFAOYSA-N	CCC1CCC(=O)O1
94	p-methoxybenzaldehyde	123-11-5	ZRSNZINYAWTAHE-UHFFFAOYSA-N	COc1ccc(C=O)cc1
95	tolualdehydes,_mixed_o-,_m-,_p-	1334-78-7	FXLOVSHXALFLKQ-UHFFFAOYSA-N	c1(ccccc1)C=O.C[*]
96	propenyl_propyl_disulfide	5905-46-4	AAPBYIVJOWCMGH-HWKANZROSA-N	CCCSS\C=C\C
97	3-hexanol	623-37-0	ZOCHHNOQQHDWHG-UHFFFAOYSA-N	CCCC(O)CC
98	furfuryl_thioacetate	13678-68-7	LQOUTUIIYXYBQW-UHFFFAOYSA-N	CC(=O)SCc1occc1
99	(+/?)-ethyl_3-acetoxy-2-methylbutyrate	139564-43-5	KYWLAHNPWLJLDJ-UHFFFAOYSA-N	CCOC(=O)C(C)C(C)OC(=O)C
100	(z)-8-tetradecenal	169054-69-7	XAFLGQFKKHZYMU-SREVYHEPSA-N	CCCCCC=CCCCCCCC=O
101	b-caryophyllene	87-44-5	NPNUFJAVOOONJE-GFUGXAQUSA-N	C\C1=C/CCC(=C)[C@H]2CC(C)(C)[C@@H]2CC1
102	furfuryl_methyl_ether	13679-46-4	GANSPRKOWQQXPE-UHFFFAOYSA-N	COCc1occc1
103	dl-(3-amino-3-carboxypropyl)dimethylsulfonium_chloride	1115-84-0	MYGVPKMVGSXPCQ-JEDNCBNOSA-N	C[S+](C)CCC(C(=O)[O-])N.Cl
104	ethyl-3-methylthiopropionate	13327-56-5	YSNWHRKJEKWJNY-UHFFFAOYSA-N	CCOC(=O)CCSC
105	pyruvic_acid	127-17-3	LCTONWCANYUPML-UHFFFAOYSA-N	CC(=O)C(O)=O
106	isobornyl_isovalerate	7779-73-9	MPYYVGIJHREDBO-UHFFFAOYSA-N	CC(C)CC(=O)OC1CC2CCC1(C)C2(C)C
107	methyl-2-pyrrolyl_ketone	1072-83-9	IGJQUJNPMOYEJY-UHFFFAOYSA-N	CC(=O)c1[nH]ccc1
108	isobutyraldehyde	78-84-2	AMIMRNSIRUDHCM-UHFFFAOYSA-N	CC(C)C=O
109	5-methyl-2,3-hexanedione	13706-86-0	PQCLJXVUAWLNSV-UHFFFAOYSA-N	CC(C)CC(=O)C(C)=O
110	cis-3-hexenyl_hexanoate	31501-11-8	RGACQXBDYBCJCY-ALCCZGGFSA-N	CCCCCC(=O)OCC\C=C/CC
111	ethyl_anthranilate	87-25-2	TWLLPUMZVVGILS-UHFFFAOYSA-N	CCOC(=O)c1ccccc1N
112	3-methylbutanethiol	541-31-4	YCONJOZRGZTERQ-PLNGDYQASA-N	CC(C)NC(=O)N1CC=CC(N(C(=O)C1)CC2=CC=C(C=C2)F)C3=CC=C(C=C3)OC
113	1-buten-1-yl_methyl_sulfide	32951-19-2	QOKMHYUWJKXWOV-UHFFFAOYSA-N	CCC=CSC
114	2-methylbutyl_acetate	624-41-9	XHIUFYZDQBSEMF-UHFFFAOYSA-N	CCC(C)COC(C)=O
115	3-methylpentanoic_acid	105-43-1	IGIDLTISMCAULB-UHFFFAOYSA-N	CCC(C)CC(O)=O
116	2,6,6-trimethylcyclohexa-1,3-dienyl_methanal	116-26-7	SGAWOGXMMPSZPB-UHFFFAOYSA-N	CC1=C(C=O)C(C)(C)CC=C1
117	allyl_isothiocyanate	57-06-07	ZOJBYZNEUISWFT-UHFFFAOYSA-N	C=CCN=C=S
118	2-nonanone	821-55-6	VKCYHJWLYTUGCC-UHFFFAOYSA-N	CCCCCCCC(C)=O
119	2-hydroxy-3,5,5-trimethyl-1,2-cyclohexenone	4883-60-7	WEUZZYGESXCTCU-ZCFIWIBFSA-N	C[C@@H]1CC(C)(C)CC(=O)C1=O
120	butyl_salicylate	2052-14-4	YFDUWSBGVPBWKF-UHFFFAOYSA-N	CCCCOC(=O)c1ccccc1O
121	a-methylbenzyl_alcohol	98-85-1	WAPNOHKVXSQRPX-UHFFFAOYSA-N	CC(O)c1ccccc1
122	1,6-hexanedithiol	1191-43-1	SRZXCOWFGPICGA-UHFFFAOYSA-N	SCCCCCCS
123	dehydrodihydroionone	20483-36-7	SQFRYZPEWOZAKJ-UHFFFAOYSA-N	CC(=O)CCC1=C(C)C=CCC1(C)C
124	5-hydroxy-2-decenoic_acid_d-lactone	51154-96-2	NEDIAPMWNCQWNW-UHFFFAOYSA-N	CCCCCC1CC=CC(=O)O1
125	allyl_methyl_trisulfide	34135-85-8	JGMPRNFEEAJLAJ-UHFFFAOYSA-N	CSSSCC=C
126	3-methyl-2-butenal	107-86-8	SEPQTYODOKLVSB-UHFFFAOYSA-N	CC(C)=CC=O
127	p-ethoxybenzaldehyde	10031-82-0	JRHHJNMASOIRDS-UHFFFAOYSA-N	CCOc1ccc(C=O)cc1
128	4-decenoic_acid	26303-90-2	XKZKQTCECFWKBN-VOTSOKGWSA-N	CCCCC\C=C\CCC(O)=O
129	butter_starter_distillate	977019-27-4	BVEYJWQCMOVMAR-UHFFFAOYSA-N	CCCC(C(=O)CCC)O
130	zingerone	122-48-5	OJYLAHXKWMRDGS-UHFFFAOYSA-N	COc1cc(CCC(C)=O)ccc1O
131	carvyl_acetate	97-42-7	YTHRBOFHFYZBRJ-UHFFFAOYSA-N	CC(=C)C1CC=C(C)C(C1)OC(C)=O
132	citronellal	106-23-0	NEHNMFOYXAPHSD-SNVBAGLBSA-N	C[C@H](CCC=C(C)C)CC=O
133	cis-4-hexenal	4634-89-3	DPCMFIRORYQTCL-NSCUHMNNSA-N	C/C=C/CCC=O
134	methyl_(methylthio)acetate	16630-66-3	HZYCAKGEXXKCDM-UHFFFAOYSA-N	COC(=O)CSC
135	2-methylbutyl-3-methylbutanoate	2445-77-4	CYGPPWVXOWCHJB-UHFFFAOYSA-N	CCC(C)COC(=O)CC(C)C
136	isoamyl_alcohol	123-51-3	PHTQWCKDNZKARW-UHFFFAOYSA-N	CC(C)CCO
137	methyl-3-hexenoate	2396-78-3	XEAIHUDTEINXFG-SNAWJCMRSA-N	CC/C=C/CC(=O)OC
138	citronellyl_valerate	7540-53-6	PFOJEJPZUVQHEH-UHFFFAOYSA-N	CCCCC(=O)OCCC(C)CCC=C(C)C
139	quinoline	91-22-5	SMWDFEZZVXVKRB-UHFFFAOYSA-N	c1ccc2ncccc2c1
140	cyclohexyl_acetate	622-45-7	YYLLIJHXUHJATK-UHFFFAOYSA-N	CC(=O)OC1CCCCC1
141	neryl_formate	2142-94-1	DIHFALQHYSMKMB-JXMROGBWSA-N	CC(C)=CCC\C(C)=C\C(O)C=O
142	5-methylquinoxaline	13708-12-8	CQLOYHZZZCWHSG-UHFFFAOYSA-N	Cc1cccc2nccnc12
143	4-[(2,6,6)-trimethyl-cyclohex-1-enyl]-but-2-en-4-one	35044-68-9	BGTBFNDXYDYBEY-FNORWQNLSA-N	C/C=C/C(=O)C1=C(C)CCCC1(C)C
144	isoamyl_propionate	105-68-0	XAOGXQMKWQFZEM-UHFFFAOYSA-N	CCC(=O)OCCC(C)C
145	1,3-propanedithiol	109-80-8	ZJLMKPKYJBQJNH-UHFFFAOYSA-N	SCCCS
146	citronellyl_formate	105-85-1	DZNVIZQPWLDQHI-UHFFFAOYSA-N	CC(CCOC=O)CCC=C(C)C
147	isopentylamine	107-85-7	BMFVGAAISNGQNM-UHFFFAOYSA-N	CC(C)CCN
148	benzyl_benzoate	120-51-4	SESFRYSPDFLNCH-UHFFFAOYSA-N	O=C(OCc1ccccc1)c2ccccc2
149	isobutyl_formate	542-55-2	AVMSWPWPYJVYKY-UHFFFAOYSA-N	CC(C)COC=O
150	3,4-hexanedione	4437-51-8	KVFQMAZOBTXCAZ-UHFFFAOYSA-N	CCC(=O)C(=O)CC
151	vitamin_b1	67-03-08	DPJRMOMPQZCRJU-UHFFFAOYSA-M	[H+].[Cl-].[Cl-].Cc1ncc(C[n+]2csc(CCO)c2C)c(N)n1
152	methyl_2-thiofuroate	13676-61-3	ISKUAGFDTRLBHG-UHFFFAOYSA-N	CSC(=O)C1=CC=CO1
153	isobutyl_propionate	540-42-1	FZXRXKLUIMKDEL-UHFFFAOYSA-N	CCC(=O)OCC(C)C
154	2-methylthioacetaldehyde	23328-62-3	NCNSBFDGXBKAKB-UHFFFAOYSA-N	CSCC=O
155	methyl_cinnamate	103-26-4	CCRCUPLGCSFEDV-BQYQJAHWSA-N	COC(=O)\C=C\c1ccccc1
156	(d-,_l-,_dl-,_meso)_tartaric_acid	526-83-0	FEWJPZIEWOKRBE-UHFFFAOYSA-N	OC(C(O)C(O)=O)C(O)=O
157	piperidine	110-89-4	NQRYJNQNLNOLGT-UHFFFAOYSA-N	C1CCNCC1
158	oleic_acid	112-80-1	ZQPPMHVWECSIRJ-MDZDMXLPSA-N	CCCCCCCC/C=C/CCCCCCCC(O)=O
159	cis-3-hexenal	6789-80-6	GXANMBISFKBPEX-ARJAWSKDSA-N	CC\C=C/CC=O
160	2-methyl-3-furanthiol	28588-74-1	RUYNUXHHUVUINQ-UHFFFAOYSA-N	Cc1occc1S
161	p-dimethoxybenzene	150-78-7	OHBQPCCCRFSCAX-UHFFFAOYSA-N	COc1ccc(OC)cc1
162	p-mentha-1,4(8)-dien-3-one	491-09-8	HKZQJZIFODOLFR-UHFFFAOYSA-N	CC(C)=C1CCC(=CC1=O)C
163	4-methyl-2-pentenal	5362-56-1	RIWPMNBTULNXOH-ARJAWSKDSA-N	CC(C)\C=C/C=O
164	neryl_butyrate	999-40-6	ZSBOMYJPSRFZAL-RAXLEYEMSA-N	CCCC(=O)OC\C=C(C)/CCC=C(C)C
165	eugenol	97-53-0	RRAFCDWBNXTKKO-UHFFFAOYSA-N	COc1cc(CC=C)ccc1O
166	1-decanol	112-30-1	MWKFXSUHUHTGQN-UHFFFAOYSA-N	CCCCCCCCCCO
167	l-menthyl_acetate	16409-45-3	XHXUANMFYXWVNG-UHFFFAOYSA-N	CC(C)C1CCC(C)CC1OC(C)=O
168	ethyl_2-(methylthio)acetate	4455-13-4	MDIAKIHKBBNYHF-UHFFFAOYSA-N	CCOC(=O)CSC
169	2-(2-butyl)-4,5-dimethyl-3-thiazoline	65894-82-8	FLBOQJFNAYJWIA-UHFFFAOYSA-N	CCC(C)C1SC(C)C(=N1)C
170	2-methylheptanoic_acid	1188-02-9	NKBWMBRPILTCRD-SSDOTTSWSA-M	CCCCC[C@@H](C)C([O-])=O
171	camphene	79-92-5	CRPUJAZIXJMDBK-UHFFFAOYSA-N	CC1(C)C2CCC(C2)C1=C
172	ethyl_methyl_disulfide	20333-39-5	XLTBPTGNNLIKRW-UHFFFAOYSA-N	CCSSC
173	acetylpyrazine	22047-25-2	DBZAKQWXICEWNW-UHFFFAOYSA-N	CC(=O)c1cnccn1
174	methyl_butyrate	623-42-7	UUIQMZJEGPQKFD-UHFFFAOYSA-N	CCCC(=O)OC
175	allyl_sulfide	592-88-1	UBJVUCKUDDKUJF-UHFFFAOYSA-N	C=CCSCC=C
176	dimethyl_succinate	106-65-0	MUXOBHXGJLMRAB-UHFFFAOYSA-N	COC(=O)CCC(=O)OC
177	b-pinene	127-91-3	WTARULDDTDQWMU-UHFFFAOYSA-N	CC1(C)C2CCC(=C)C1C2
178	2,4-dimethylanisole	6738-23-4	UJCFZCTTZWHRNL-UHFFFAOYSA-N	COc1ccc(C)cc1C
179	ethyl_isobutyrate	97-62-1	WDAXFOBOLVPGLV-UHFFFAOYSA-N	CCOC(=O)C(C)C
180	phenethyl-2-methylbutyrate	24817-51-4	KVKKTLBBYFABAZ-UHFFFAOYSA-N	CCC(C)C(=O)OCCC1=CC=CC=C1
181	p-methyl_diphenyl	644-08-6	ZZLCFHIKESPLTH-UHFFFAOYSA-N	Cc1ccc(cc1)c2ccccc2
182	p-methoxycinnamaldehyde	1963-36-6	AXCXHFKZHDEKTP-NSCUHMNNSA-N	COc1ccc(\C=C\C=O)cc1
183	4-methyl-3-penten-2-one	141-79-7	SHOJXDKTYKFBRD-UHFFFAOYSA-N	CC(C)=CC(C)=O
184	5-ethyl-2-methylpyridine	104-90-5	NTSLROIKFLNUIJ-UHFFFAOYSA-N	CCc1ccc(C)nc1
185	isobutyl_isobutyrate	97-85-8	RXGUIWHIADMCFC-UHFFFAOYSA-N	CC(C)COC(=O)C(C)C
186	terpinyl_formate	2153-26-6	IPYLQIQMGUZFCK-UHFFFAOYSA-N	CC1=CCC(CC1)C(C)(C)OC=O
187	4-propyl-2,6-dimethoxyphenol	6766-82-1	YHEWWEXPVKCVFY-UHFFFAOYSA-N	CCCc1cc(OC)c(O)c(OC)c1
188	furfuryl_methyl_sulfide	1438-91-1	SKSFHXVDHVKIBN-UHFFFAOYSA-N	CSCc1occc1
189	2-ethyl-3,5(6)-dimethylpyrazine	27043-05-6	JZBCTZLGKSYRSF-UHFFFAOYSA-N	CCC1=NC=C(N=C1C)C
190	(e,e)-2,4-decadien-1-ol	18409-21-7	NUBWFSDCZULDCI-BLHCBFLLSA-N	CCCCC/C=C/C=C/CO
191	butyl_hexanoate	626-82-4	RPRPDTXKGSIXMD-UHFFFAOYSA-N	CCCCCC(=O)OCCCC
192	2-ethylbutyric_acid	88-09-05	OXQGTIUCKGYOAA-UHFFFAOYSA-N	CCC(CC)C(O)=O
193	4,5-dihydro-3-(2h)thiophenone	1003-04-9	DSXFPRKPFJRPIB-UHFFFAOYSA-N	O=C1CCSC1
194	2,3-diethylpyrazine	15707-24-1	GZXXANJCCWGCSV-UHFFFAOYSA-N	CCc1nccnc1CC
195	l-histidine	71-00-1	HNDVDQJCIGZPNO-UHFFFAOYSA-N	NC(Cc1[nH]cnc1)C(O)=O
196	undecanal	112-44-7	KMPQYAYAQWNLME-UHFFFAOYSA-N	CCCCCCCCCCC=O
197	2,6-dimethylthiophenol	118-72-9	QCLJODDRBGKIRW-UHFFFAOYSA-M	Cc1cccc(C)c1[S-]
198	valeric_acid	109-52-4	NQPDZGIKBAWPEJ-UHFFFAOYSA-N	CCCCC(O)=O
199	2-undecenal	2463-77-6	PANBRUWVURLWGY-MDZDMXLPSA-N	CCCCCCCC\C=C\C=O
200	butyl_sulfide	544-40-1	HTIRHQRTDBPHNZ-UHFFFAOYSA-N	CCCCSCCCC
201	amyl_butyrate	540-18-1	CFNJLPHOBMVMNS-UHFFFAOYSA-N	CCCCCOC(=O)CCC
202	resorcinol	108-46-3	GHMLBKRAJCXXBS-UHFFFAOYSA-N	Oc1cccc(O)c1
203	1-octen-3-ol	3391-86-4	VSMOENVRRABVKN-UHFFFAOYSA-N	CCCCCC(O)C=C
204	p-cresol	106-44-5	IWDCLRJOBJJRNH-UHFFFAOYSA-N	Cc1ccc(O)cc1
205	delta-tetradecalactone	2721-22-4	SKQYTJLYRIFFCO-UHFFFAOYSA-N	CCCCCCCCCC1CCCC(=O)O1
206	phenylacetaldehyde_dimethyl_acetal	101-48-4	WNJSKZBEWNVKGU-UHFFFAOYSA-N	COC(Cc1ccccc1)OC
207	1-p-menthene-8-thiol	71159-90-5	ZQPCOAKGRYBBMR-UHFFFAOYSA-N	CC1=CCC(CC1)C(C)(C)S
208	ethylene_oxide	75-21-8	IAYPIBMASNFSPL-UHFFFAOYSA-N	C1CO1
209	2-acetyl-5-methylfuran	1193-79-9	KEFJLCGVTHRGAH-UHFFFAOYSA-N	CC(=O)c1oc(C)cc1
210	6-methylquinoline	91-62-3	LUYISICIYVKBTA-UHFFFAOYSA-N	Cc1ccc2ncccc2c1
211	2-ethyl-5-methylpyrazine	13360-64-0	OXCKCFJIKRGXMM-UHFFFAOYSA-N	CCc1cnc(C)cn1
212	4-decenal	30390-50-2	CWRKZMLUDFBPAO-VOTSOKGWSA-N	CCCCC/C=C/CCC=O
213	myrtenyl_acetate	1079-01-2	BKATZVAUANSCKN-UHFFFAOYSA-N	CC(=O)OCC1=CCC2CC1C2(C)C
214	acetanisole	100-06-1	NTPLXRHDUXRPNE-UHFFFAOYSA-N	COc1ccc(cc1)C(C)=O
215	benzoic_acid	65-85-0	WPYMKLBDIGXBTP-UHFFFAOYSA-N	OC(=O)c1ccccc1
216	citronellyl_propionate	141-14-0	POPNTVRHTZDEBW-UHFFFAOYSA-N	CCC(=O)OCCC(C)CCC=C(C)C
217	3-(2-furyl)acrolein	623-30-3	VZIRCHXYMBFNFD-HNQUOIGGSA-N	O=C/C=C/c1occc1
218	d-decalactone	705-86-2	GHBSPIPJMLAMEP-UHFFFAOYSA-N	CCCCCC1CCCC(=O)O1
219	a-ionol	25312-34-9	PWDOJWCZWKWKSE-BQYQJAHWSA-N	CC(O)/C=C/C1C(=CCCC1(C)C)C
220	2-ethylfuran	3208-16-0	HLPIHRDZBHXTFJ-UHFFFAOYSA-N	CCc1occc1
221	a-methylcinnamaldehyde	101-39-3	VLUMOWNVWOXZAU-CLFYSBASSA-N	C/C(C=O)=C/c1ccccc1
222	butan-3-one-2-yl_butanoate	84642-61-5	LJDWJXUIGKSETE-UHFFFAOYSA-N	CCCC(=O)OC(C)C(=O)C
223	2-methylhexanoic_acid	4536-23-6	CVKMFSAVYPAZTQ-ZCFIWIBFSA-M	CCCC[C@@H](C)C([O-])=O
224	o-cresol	95-48-7	QWVGKYWNOKOFNN-UHFFFAOYSA-N	Cc1ccccc1O
225	2,6-xylenol	576-26-1	NXXYKOUNUYWIHA-UHFFFAOYSA-N	Cc1cccc(C)c1O
226	2-undecanol	1653-30-1	XMUJIPOFTAHSOK-UHFFFAOYSA-N	CCCCCCCCCC(C)O
227	methyl_anthranilate	134-20-3	VAMXMNNIEUEQDV-UHFFFAOYSA-N	COC(=O)c1ccccc1N
228	2-hexen-1-ol	2305-21-7	ZCHHRLHTBGRGOT-SNAWJCMRSA-N	CCC/C=C/CO
229	palmitic_acid	57-10-03	IPCSVZSSVZVIGE-UHFFFAOYSA-N	CCCCCCCCCCCCCCCC(O)=O
230	methyl_phenyl_disulfide	14173-25-2	LMSQHVXHZCNJEP-UHFFFAOYSA-N	CSSc1ccccc1
231	methoxypyrazine	3149-28-8	WKSXRWSOSLGSTN-UHFFFAOYSA-N	COc1cnccn1
232	(z)-3-hexenyl_propionate	33467-74-2	LGTLDEUQCOJGFP-WAYWQWQTSA-N	CC\C=C/CCOC(=O)CC
233	(z)-3-hexenyl_isobutyrate	41519-23-7	OSMAJVWUIUORGC-WAYWQWQTSA-N	CC\C=C/CCOC(=O)C(C)C
234	2-nonanol	628-99-9	NGDNVOAEIVQRFH-UHFFFAOYSA-N	CCCCCCCC(C)O
235	hexanal	66-25-1	JARKCYVAAOWBJS-UHFFFAOYSA-N	CCCCCC=O
236	propyl_isovalerate	557-00-6	LSJMDWFAADPNAX-UHFFFAOYSA-N	CCCOC(=O)CC(C)C
237	methyl_cyclohexanecarboxylate	4630-82-4	ZQWPRMPSCMSAJU-UHFFFAOYSA-N	COC(=O)C1CCCCC1
238	a-pinene	80-56-8	GRWFGVWFFZKLTI-UHFFFAOYSA-N	CC1=CCC2CC1C2(C)C
239	2-ethyl-4,5-dimethyloxazole	53833-30-0	LCYOFVYHDBWYSI-UHFFFAOYSA-N	CCc1oc(C)c(C)n1
240	anisyl_alcohol	105-13-5	MSHFRERJPWKJFX-UHFFFAOYSA-N	COc1ccc(CO)cc1
241	g-decalactone	706-14-9	IFYYFLINQYPWGJ-UHFFFAOYSA-N	CCCCCCC1CCC(=O)O1
242	2,2'-(thiodimethylene)_difuran	13678-67-6	UYLKDZXJEKFFHJ-UHFFFAOYSA-N	C(SCc1occc1)c2occc2
243	hexanoic_acid	142-62-1	FUZZWVXGSFPDMH-UHFFFAOYSA-N	CCCCCC(O)=O
244	ethyl_trans-2-octenoate	7367-82-0	AISZSTYLOVXFII-CMDGGOBGSA-N	CCCCC/C=C/C(=O)OCC
245	(2-furyl)-2-propanone	6975-60-6	IQOJTGSBENZIOL-UHFFFAOYSA-N	CC(=O)Cc1occc1
246	1-hydroxy-2-butanone	5077-67-8	GFAZHVHNLUBROE-UHFFFAOYSA-N	CCC(=O)CO
247	2-phenyl-2-butenal	4411-89-6	DYAOGZLLMZQVHY-MBXJOHMKSA-N	C\C=C(C=O)/c1ccccc1
248	tetrahydrofurfuryl_alcohol	97-99-4	BSYVTEYKTMYBMK-UHFFFAOYSA-N	OCC1CCCO1
249	pyridine	110-86-1	JUJWROOIHBZHMG-UHFFFAOYSA-N	c1ccncc1
250	hydroxycitronellal	107-75-5	WPFVBOQKRVRMJB-UHFFFAOYSA-N	CC(CCCC(C)(C)O)CC=O
251	isoamyl_benzoate	94-46-2	MLLAPOCBLWUFAP-UHFFFAOYSA-N	CC(C)CCOC(=O)c1ccccc1
252	propyl_formate	110-74-7	KFNNIILCVOLYIR-UHFFFAOYSA-N	CCCOC=O
253	ethyl_3-hexenoate	2396-83-0	VTSFIPHRNAESED-AATRIKPKSA-N	CCOC(=O)C\C=C\CC
254	trans-2-methyl-2-butenoic_acid	80-59-1	UIERETOOQGIECD-ONEGZZNKSA-N	C\C=C(/C)C(O)=O
255	a-hexyl_cinnamaldehyde	101-86-0	GUUHFMWKWLOQMM-NTCAYCPXSA-N	CCCCCC\C(C=O)=C/c1ccccc1
256	myristaldehyde	124-25-4	UHUFTBALEZWWIH-UHFFFAOYSA-N	CCCCCCCCCCCCCC=O
257	2,4-dihydroxybenzoic_acid	89-86-1	UIAFKZKHHVMJGS-UHFFFAOYSA-N	OC(=O)c1ccc(O)cc1O
258	methyl_3-hydroxyhexanoate	21188-58-9	ACCRBMDJCPPJDX-UHFFFAOYSA-N	CCCC(CC(=O)OC)O
259	monosodium_glutamate	142-47-2	LPUQAYUQRXPFSQ-UHFFFAOYSA-M	[Na+].NC(CCC(O)=O)C([O-])=O
260	d-piperitone	6091-50-5	YSTPAHQEHQSRJD-VIFPVBQESA-N	CC(C)[C@@H]1CCC(=CC1=O)C
261	3,5,5-trimethyl-1-hexanol	3452-97-9	BODRLKRKPXBDBN-UHFFFAOYSA-N	CC(CCO)CC(C)(C)C
262	d-dodecalactone	713-95-1	QRPLZGZHJABGRS-UHFFFAOYSA-N	CCCCCCCC1CCCC(=O)O1
263	cis-6-nonen-1-ol	35854-86-5	XJHRZBIBSSVCEL-ARJAWSKDSA-N	CC\C=C/CCCCCO
264	3-methylthiobutyraldehyde	16630-52-7	NCBDFIPMWRKPDU-UHFFFAOYSA-N	CSC(C)CC=O
265	acetaldehyde_ethyl_(z)-3-hexenyl_acetal	28069-74-1	PAEBAEDUARAOSG-VOTSOKGWSA-N	CCOC(C)OCC\C=C\CC
266	3-hepten-2-one	1119-44-4	JHHZQADGLDKIPM-AATRIKPKSA-N	CCC/C=C/C(C)=O
267	triacetin	102-76-1	URAYPUMNDPQOKB-UHFFFAOYSA-N	CC(=O)OCC(COC(C)=O)OC(C)=O
268	isoamyl_hexanoate	2198-61-0	XVSZRAWFCDHCBP-UHFFFAOYSA-N	CCCCCC(=O)OCCC(C)C
269	cis-3-hexen-1-yl_acetate	3681-71-8	NPFVOOAXDOBMCE-PLNGDYQASA-N	CC\C=C/CCOC(C)=O
270	2-(methylthio)ethanol	5271-38-5	WBBPRCNXBQTYLF-UHFFFAOYSA-N	CSCCO
271	4-acetoxy-2,5-dimethyl-3(2h)-furanone	4166-20-5	VPKIUOQJQJVLRW-UHFFFAOYSA-N	CC1OC(=C(OC(C)=O)C1=O)C
272	2,4-nonadienal	6750-03-04	ZHHYXNZJDGDGPJ-BSWSSELBSA-N	CCCC\C=C\C=C\C=O
273	terpinyl_acetate	80-26-2	IGODOXYLBBXFDW-UHFFFAOYSA-N	CC(=O)OC(C)(C)C1CCC(=CC1)C
274	3-hexanone	589-38-8	PFCHFHIRKBAQGU-UHFFFAOYSA-N	CCCC(=O)CC
275	lauric_acid	143-07-7	POULHZVOKOAJMA-UHFFFAOYSA-N	CCCCCCCCCCCC(O)=O
276	4-heptenal_(cis-_and_trans-)	6728-31-0	VVGOCOMZRGWHPI-ONEGZZNKSA-N	CC/C=C/CCC=O
277	2,5-xylenol	95-87-4	NKTOLZVEWDHZMU-UHFFFAOYSA-N	Cc1ccc(C)c(O)c1
278	isoborneol	124-76-5	DTGKSKDOIYIVQL-XKSSXDPKSA-N	CC1(C)[C@H]2CC[C@@]1(C)[C@H](O)C2
279	3-methylcyclohexanone	591-24-2	UJBOOUHRTQVGRU-UHFFFAOYSA-N	CC1CCCC(=O)C1
280	ethyl_lactate	97-64-3	LZCLXQDLBQLTDK-UHFFFAOYSA-N	CCOC(=O)C(C)O
281	3-oxooctanoic_acid_glyceride	91052-68-5	AQPODRTVXLAKPE-UHFFFAOYSA-N	OCC(O)COC(=O)CC(=O)CCCCC
282	vanillin,_natural	121-33-5	MWOOGOJBHIARFG-UHFFFAOYSA-N	COc1cc(C=O)ccc1O
283	benzyl_formate	104-57-4	UYWQUFXKFGHYNT-UHFFFAOYSA-N	O=COCc1ccccc1
284	3,5-dimethyl-1,2,4-trithiolane	23654-92-4	HFRUNLRFNNTTPQ-UHFFFAOYSA-N	CC1SSC(C)S1
285	3-(methylthio)_propionaldehyde	3268-49-3	CLUWOWRTHNNBBU-UHFFFAOYSA-N	CSCCC=O
286	s-methyl_4-methylpentanethioate	53966-59-9	OTIJNTWWDCIUNM-UHFFFAOYSA-N	CCCCC(=O)S
287	5-methyl-2-thiophenecarboxaldehyde	13679-70-4	VAUMDUIUEPIGHM-UHFFFAOYSA-N	Cc1sc(C=O)cc1
288	butyl_alcohol	71-36-3	LRHPLDYGYMQRHN-UHFFFAOYSA-N	CCCCO
289	3-decanol	1565-81-7	ICEQLCZWZXUUIJ-UHFFFAOYSA-N	CCCCCCCC(O)CC
290	ethyl_thioacetate	625-60-5	APTGPWJUOYMUCE-UHFFFAOYSA-N	CCSC(C)=O
291	p-isopropylacetophenone	645-13-6	PDLCCNYKIIUWHA-UHFFFAOYSA-N	CC(C)c1ccc(cc1)C(C)=O
292	1-octanol	111-87-5	KBPLFHHGFOOTCA-UHFFFAOYSA-N	CCCCCCCCO
293	mintlactone	13341-72-5	VUVQBYIJRDUVHT-UHFFFAOYSA-N	CC1CCC2=C(C)C(=O)OC2C1
294	2-pentenal	764-39-6	DTCCTIQRPGSLPT-ONEGZZNKSA-N	CC/C=C/C=O
295	eugenyl_methyl_ether	93-15-2	ZYEMGPIYFIJGTP-UHFFFAOYSA-N	COc1ccc(CC=C)cc1OC
296	methyl-3-methylthiopropionate	13532-18-8	DMMJVMYCBULSIS-UHFFFAOYSA-N	COC(=O)CCSC
297	p-a-dimethylbenzyl_alcohol	536-50-5	JESIHYIJKKUWIS-UHFFFAOYSA-N	CC(O)c1ccc(C)cc1
298	formic_acid	64-18-6	BDAGIHXWWSANSR-UHFFFAOYSA-N	OC=O
299	nonanoic_acid	112-05-0	FBUKVWPVBMHYJY-UHFFFAOYSA-N	CCCCCCCCC(O)=O
300	cyclohexanecarboxylic_acid	98-89-5	NZNMSOFKMUBTKW-UHFFFAOYSA-N	OC(=O)C1CCCCC1
301	ethyl_octanoate	106-32-1	YYZUSRORWSJGET-UHFFFAOYSA-N	CCCCCCCC(=O)OCC
302	2,5-dimethyl-4-methoxy-3(2h)-furanone	4077-47-8	SIMKGHMLPVDSJE-UHFFFAOYSA-N	COC1=C(C)OC(C)C1=O
303	p-menthan-2-one	499-70-7	GCRTVIUGJCJVDD-UHFFFAOYSA-N	CC(C)C1CCC(C)C(=O)C1
304	ethyl_3-mercaptopropionate	5466-06-08	CJQWLNNCQIHKHP-UHFFFAOYSA-N	CCOC(=O)CCS
305	1,2-dimethoxybenzene	91-16-7	ABDKAPXRBAPSQN-UHFFFAOYSA-N	COc1ccccc1OC
306	benzyl_propionate	122-63-4	VHOMAPWVLKRQAZ-UHFFFAOYSA-N	CCC(=O)OCc1ccccc1
307	2-isopropyl-5-methyl-2-hexenal	35158-25-9	IOLQAHFPDADCHJ-POHAHGRESA-N	CC(C)C\C=C(C=O)/C(C)C
308	2,4-dimethylacetophenone	89-74-7	HSDSKVWQTONQBJ-UHFFFAOYSA-N	CC(=O)c1ccc(C)cc1C
309	ethyl_cis-4,7-octadienoate	69925-33-3	LNOWXPKCCJROHI-VOTSOKGWSA-N	CCOC(=O)CC\C=C\CC=C
310	p-tolyl_acetate	140-39-6	CDJJKTLOZJAGIZ-UHFFFAOYSA-N	CC(=O)Oc1ccc(C)cc1
311	2-octanol	123-96-6	SJWFXCIHNDVPSH-UHFFFAOYSA-N	CCCCCCC(C)O
312	ethyl_trans-2-hexenoate	27829-72-7	SJRXWMQZUAOMRJ-VOTSOKGWSA-N	CCC/C=C/C(=O)OCC
313	n-furfuryl_pyrrole	1438-94-4	BTBFUBUCCJKJOZ-UHFFFAOYSA-N	C(n1cccc1)c2occc2
314	4-(1,1-dimethyl)_ethyl_phenol	98-54-4	QHPQWRBYOIRBIT-UHFFFAOYSA-N	CC(C)(C)c1ccc(O)cc1
315	butyl_stearate	123-95-5	ULBTUVJTXULMLP-UHFFFAOYSA-N	CCCCCCCCCCCCCCCCCC(=O)OCCCC
316	methyl_propionate	554-12-1	RJUFJBKOKNCXHH-UHFFFAOYSA-N	CCC(=O)OC
317	ethyl_acetate	141-78-6	XEKOWRVHYACXOJ-UHFFFAOYSA-N	CCOC(C)=O
318	2,6-dimethyl-10-methylene-2,6,11-dodecatrienal	60066-88-8	NOPLRNXKHZRXHT-YFVJMOTDSA-N	CC(/CC\C=C(/C)C=O)=C\CCC(=C)C=C
319	3,4-dimethyl-1,2-cyclopentanedione	13494-06-9	WGAVDEVFJDQIMZ-UHFFFAOYSA-N	CC1CC(=O)C(=O)C1C
320	methyl_2-hexenoate	2396-77-2	GFUGBRNILVVWIE-AATRIKPKSA-N	CCC/C=C/C(=O)OC
321	methyl-4-methylvalerate	2412-80-8	KBCOVKHULBZKNY-UHFFFAOYSA-N	COC(=O)CCC(C)C
322	acetone	67-64-1	CSCPPACGZOOCGX-UHFFFAOYSA-N	CC(C)=O
323	2,6-dimethyl-4-heptanol	108-82-7	HXQPUEQDBSPXTE-UHFFFAOYSA-N	CC(C)CC(O)CC(C)C
324	anisole	100-66-3	RDOXTESZEPMUJZ-UHFFFAOYSA-N	COc1ccccc1
325	p-mentha-1,8-dien-7-ol	536-59-4	NDTYTMIUWGWIMO-UHFFFAOYSA-N	CC(=C)C1CCC(=CC1)CO
326	methyl_anisate	121-98-2	DDIZAANNODHTRB-UHFFFAOYSA-N	COC(=O)c1ccc(OC)cc1
327	fenchyl_acetate	13851-11-1	JUWUWIGZUVEFQB-MAZPRZIYSA-N	CC(=O)OC1C(C)(C)[C@@H]2CC[C@@]1(C)C2
328	butyl_formate	592-84-7	NMJJFJNHVMGPGM-UHFFFAOYSA-N	CCCCOC=O
329	nonyl_octanoate	7786-48-3	HSGQXSBXGSRINJ-UHFFFAOYSA-N	CCCCCCCCCOC(=O)CCCCCCC
330	3-methylthiopropyl_isothiocyanate	505-79-3	LDKSCZJUIURGMW-UHFFFAOYSA-N	CSCCCN=C=S
331	p-menth-8-en-2-one	3792-53-8	AZOCECCLWFDTAP-DTWKUNHWSA-N	CC1CCC(CC1=O)C(=C)C
332	isobutyl_benzoate	120-50-3	KYZHGEFMXZOSJN-UHFFFAOYSA-N	CC(C)COC(=O)c1ccccc1
333	isobutyl_acetate	110-19-0	GJRQTCIYDGXPES-UHFFFAOYSA-N	CC(C)COC(C)=O
334	cinnamyl_benzoate	5320-75-2	UARVBDPGNUHYQT-JXMROGBWSA-N	O=C(OC/C=C/c1ccccc1)c2ccccc2
335	p-menth-1-en-3-ol	491-04-3	HPOHAUWWDDPHRS-UHFFFAOYSA-N	CC(C)C1CCC(=CC1O)C
336	methyl_phenyl_sulfide	100-68-5	HNKJADCVZUBCPG-UHFFFAOYSA-N	CSc1ccccc1
337	2-methylpropyl-3-methylbutyrate	589-59-3	KEBDNKNVCHQIJU-UHFFFAOYSA-N	CC(C)COC(=O)CC(C)C
338	furfuryl_alcohol	98-00-0	XPFVYQJUAUNWIW-UHFFFAOYSA-N	OCc1occc1
339	propyl_heptanoate	7778-87-2	UWZVPQKWYFZLLW-UHFFFAOYSA-N	CCCCCCC(=O)OCCC
340	1-methylnaphthalene	90-12-0	QPUYECUOLPXSFR-UHFFFAOYSA-N	Cc1cccc2ccccc12
341	5-ethyl-3-hydroxy-4-methyl-2(5h)-furanone	698-10-2	IUFQZPBIRYFPFD-UHFFFAOYSA-N	CCC1OC(=O)C(=C1C)O
342	p-menthane-3,8-diol	42822-86-6	LMXFTMYMHGYJEI-UHFFFAOYSA-N	CC1CCC(C(O)C1)C(C)(C)O
343	isopropyl_myristate	110-27-0	AXISYYRBXTVTFY-UHFFFAOYSA-N	CCCCCCCCCCCCCC(=O)OC(C)C
344	s-methyl_3-methylbutanethioate	23747-45-7	MPLWTJZAFOVXKP-UHFFFAOYSA-N	CSC(=O)CC(C)C
345	g-nonalactone	104-61-0	OALYTRUKMRCXNH-QMMMGPOBSA-N	CCCCC[C@H]1CCC(=O)O1
346	4-(2,6,6-trimethyl-cyclohexa-1,3-dienyl)but-2-en-4-one	23696-85-7	POIARNZEYGURDG-FNORWQNLSA-N	C/C=C/C(=O)C1=C(C)C=CCC1(C)C
347	cinnamic_acid	621-82-9	WBYWAXJHAXSJNI-VOTSOKGWSA-N	OC(=O)\C=C\c1ccccc1
348	limonene_(d-,l-,_and_dl-)	5989-27-5	XMGQYMWWDOXHJM-JTQLQIEISA-N	CC(=C)[C@@H]1CCC(=CC1)C
349	guaiene	88-84-6	GIBQERSGRNPMEH-UHFFFAOYSA-N	CC1CCC(CC2=C1CCC2C)=C(C)C
350	p-menth-1-ene-9-al	29548-14-9	UMEJBWOWZDRULR-UHFFFAOYSA-N	CC1=CCC(CC1)C(C)C=O
351	3,6-dihydro-4-methyl-2-(2-methylpropen-1-yl)-2h-pyran	1786-08-9	FRISMOQHTLZZRP-UHFFFAOYSA-N	CC(C)=CC1CC(=CCO1)C
352	2-undecanone	112-12-9	KYWIYKKSMDLRDC-UHFFFAOYSA-N	CCCCCCCCCC(C)=O
353	5-isopropyl-2-methylpyrazine	13925-05-8	PGTQKVQDZHXLOP-UHFFFAOYSA-N	CC(C)c1cnc(C)cn1
354	citronellyl_isobutyrate	97-89-2	ZGPPERKMXSGYRK-UHFFFAOYSA-N	CC(CCOC(=O)C(C)C)CCC=C(C)C
355	isoprenyl_acetate	5205-07-02	OCUAPVNNQFAQSM-UHFFFAOYSA-N	CC(=C)CCOC(C)=O
356	3-acetyl-2,5-dimethylthiophene	2530-10-01	PUSJAEJRDNPYKM-UHFFFAOYSA-N	CC(=O)c1cc(C)sc1C
357	isobutyric_acid	79-31-2	KQNPFQTWMSNSAP-UHFFFAOYSA-N	CC(C)C(O)=O
358	decanoic_acid	334-48-5	GHVNFZFCNZKVNT-UHFFFAOYSA-N	CCCCCCCCCC(O)=O
359	ethyl_levulinate	539-88-8	GMEONFUTDYJSNV-UHFFFAOYSA-N	CCOC(=O)CCC(C)=O
360	piperonyl_acetate	326-61-4	PFWYHTORQZAGCA-UHFFFAOYSA-N	CC(=O)OCc1ccc2OCOc2c1
361	terpinolene	586-62-9	MOYAFQVGZZPNRA-UHFFFAOYSA-N	CC(C)=C1CCC(=CC1)C
362	glycerol_tributyrate	60-01-05	UYXTWWCETRIEDR-UHFFFAOYSA-N	CCCC(=O)OCC(COC(=O)CCC)OC(=O)CCC
363	2-methyl-5-vinylpyrazine	13925-08-1	JASFBLBUHWKFBZ-UHFFFAOYSA-N	Cc1cnc(C=C)cn1
364	trans,_trans-2,4-dodecadienal	21662-16-8	QKTZBZWNADPFOL-BNFZFUHLSA-N	CCCCCCC/C=C/C=C/C=O
365	3-(2-methylpropyl)pyridine	14159-61-6	DEGXTCKEZCCZOP-UHFFFAOYSA-N	CC(C)Cc1cccnc1
366	hexyl_octanoate	1117-55-1	PBGWNXWNCSSXCO-UHFFFAOYSA-N	CCCCCCCC(=O)OCCCCCC
367	2-methylbutyl-2-methyl_butyrate	2445-78-5	PVYFCGRBIREQLL-UHFFFAOYSA-N	CCC(C)COC(=O)C(C)CC
368	9-octadecenal	5090-41-5	ZENZJGDPWWLORF-MDZDMXLPSA-N	CCCCCCCC\C=C\CCCCCCCC=O
369	4-methylpentanoic_acid	646-07-1	FGKJLKRYENPLQH-UHFFFAOYSA-N	CC(C)CCC(O)=O
370	p-isopropylbenzyl_alcohol	536-60-7	OIGWAXDAPKFNCQ-UHFFFAOYSA-N	CC(C)c1ccc(CO)cc1
371	2,8-dithianon-4-en-4-carboxaldehyde	59902-01-1	VVZWQNGEMWJSTM-YWEYNIOJSA-N	CSCC\C=C(/CSC)C=O
372	3-oxododecanoic_acid_glyceride	91052-70-9	BJZAPYXFEXWQQS-UHFFFAOYSA-N	CCCCCCCCCC(=O)CC(=O)O.CC(CO)[O-]
373	pyruvaldehyde	78-98-8	AIJULSRZWUXGPQ-UHFFFAOYSA-N	CC(=O)C=O
374	coumarin_(prohibited)	91-64-5	ZYGHJZDHTFUPRJ-UHFFFAOYSA-N	O=C1Oc2ccccc2C=C1
375	benzyl_acetate	140-11-4	QUKGYYKBILRGFE-UHFFFAOYSA-N	CC(=O)OCc1ccccc1
376	cyclohexaneethyl_acetate	21722-83-8	NOTFZGFABLVTIG-UHFFFAOYSA-N	CC(=O)OCCC1CCCCC1
377	octyl_2-furoate	39251-88-2	WVTHGLPXSATJHZ-UHFFFAOYSA-N	CCCCCCCCOC(=O)c1occc1
378	thujan-4-ol	546-79-2	KXSDPILWMGFJMM-IVZWLZJFSA-N	CC(C)[C@]12CC[C@@](C)(O)[C@@H]1C2
379	3-butylidenephthalide	551-08-6	WMBOCUXXNSOQHM-DHZHZOJOSA-N	CCC\C=C/1OC(=O)c2ccccc12
380	2-oxobutyric_acid	600-18-0	TYEYBOSBBBHJIV-UHFFFAOYSA-N	CCC(=O)C(O)=O
381	4-hexene-3-one	2497-21-4	FEWIGMWODIRUJM-HYXAFXHYSA-N	CCC(=O)\C=C/C
382	(e)-3-(z)-6-nonadien-1-ol	56805-23-3	PICGPEBVZGCYBV-CWWKMNTPSA-N	CC\C=C/C\C=C/CCO
383	2,3-dimethylbenzofuran	3782-00-1	YGBXXWTZWLALGR-UHFFFAOYSA-N	Cc1oc2ccccc2c1C
384	2-methylbutyric_acid	116-53-0	WLAMNBDJUVNPJU-UHFFFAOYSA-N	CCC(C)C(O)=O
385	1,5,5,9-tetramethyl-13-oxatricyclo-(8.3.0.0(4,9))________tridecane	6790-58-5	YPZUZOLGGMJZJO-LQKXBSAESA-N	CC1(CCCC2(C1CCC3(C2CCO3)C)C)C
386	o-methoxybenzaldehyde	135-02-4	PKZJLOCLABXVMC-UHFFFAOYSA-N	COc1ccccc1C=O
387	(e)-2-hexenyl_hexanoate	53398-86-0	UQPLEMTXCSYMEK-VQHVLOKHSA-N	CCCCCC(=O)OC\C=C\CCC
388	allyl_mercaptan	870-23-5	ULIKDJVNUXNQHS-UHFFFAOYSA-N	SCC=C
389	2-isopropyl-4-methylthiazole	15679-13-7	OFLXNHNYPQPQKW-UHFFFAOYSA-N	CC(C)c1scc(C)n1
390	1-penten-3-one	1629-58-9	JLIDVCMBCGBIEY-UHFFFAOYSA-N	CCC(=O)C=C
391	trans,_trans-2,4-octadienal	30361-28-5	DVVATNQISMINCX-YTXTXJHMSA-N	CCC\C=C\C=C\C=O
392	diallyl_polysulfides	72869-75-1	UBJVUCKUDDKUJF-UHFFFAOYSA-N	C=CCSCC=C
393	d-camphor	464-49-3	DSSYKIVIOFKYAU-XVKPBYJWSA-N	CC1(C)[C@H]2CC[C@@]1(C)C(=O)C2
394	3-propylidenephthalide	17369-59-4	NGSZDVVHIGAMOJ-YHYXMXQVSA-N	CC/C=C/1OC(=O)c2ccccc12
395	ethyl_laurate	106-33-2	MMXKVMNBHPAILY-UHFFFAOYSA-N	CCCCCCCCCCCC(=O)OCC
396	2-acetyl-3,_(5_or_6)-dimethylpyrazine,_mixture_of_isomers	977043-63-2	@@@	@@@
397	6-methyl-5-hepten-2-one	110-93-0	UHEPJGULSIKKTP-UHFFFAOYSA-N	CC(C)=CCCC(C)=O
398	g-valerolactone	108-29-2	GAEKPEKOJKCEMS-UHFFFAOYSA-N	CC1CCC(=O)O1
399	ethyl_4-(methylthio)-butyrate	22014-48-8	QNLREUZIHJHXRK-UHFFFAOYSA-N	CCOC(=O)CCCSC
400	heptyl_alcohol	111-70-6	BBMCTIGTTCKYKF-UHFFFAOYSA-N	CCCCCCCO
401	isoamyl_laurate	6309-51-9	FVKRIDSRWFEQME-UHFFFAOYSA-N	CCCCCCCCCCCC(=O)OCCC(C)C
402	methyl_nicotinate	93-60-7	YNBADRVTZLEFNH-UHFFFAOYSA-N	COC(=O)c1cccnc1
403	sulfur_dioxide	7446-09-05	RAHZWNYVWXNFOC-UHFFFAOYSA-N	O=[S]=O
404	nootkatone	4674-50-4	WTOYNNBCKUYIKC-UHFFFAOYSA-N	CC1CC(=O)C=C2CCC(CC12C)C(C)=C
405	levulinic_acid	123-76-2	JOOXCMJARBKPKM-UHFFFAOYSA-N	CC(=O)CCC(O)=O
406	2-tridecanone	593-08-8	CYIFVRUOHKNECG-UHFFFAOYSA-N	CCCCCCCCCCCC(C)=O
407	isobutyl_cinnamate	122-67-8	IQZUZPKOFSOVET-CMDGGOBGSA-N	CC(C)COC(=O)\C=C\c1ccccc1
408	4,5-dimethyl_thiazole	3581-91-7	UWSONZCNXUSTKW-UHFFFAOYSA-N	Cc1scnc1C
409	l-lysine	56-87-1	KDXKERNSBIXSRK-UHFFFAOYSA-N	NCCCCC(N)C(O)=O
410	2-trans,_4-trans-decadienal	25152-84-5	JZQKTMZYLHNFPL-BLHCBFLLSA-N	CCCCC/C=C/C=C/C=O
411	3-oxotetradecanoic_acid_glyceride	91052-73-2	CLJFAQLOWURDGR-UHFFFAOYSA-N	OCC(O)COC(=O)CC(=O)CCCCCCCCCCC
412	methyl_phenethyl_ether	3558-60-9	CQLYXIUHVFRXLT-UHFFFAOYSA-N	COCCc1ccccc1
413	nona-2-trans,-6-cis-dienal	557-48-2	HZYHMHHBBBSGHB-ODYTWBPASA-N	CC\C=C/CC\C=C\C=O
414	p-propylphenol	645-56-7	KLSLBUSXWBJMEC-UHFFFAOYSA-N	CCCc1ccc(O)cc1
415	a-ionone	127-41-3	UZFLPKAIBPNNCA-BQYQJAHWSA-N	CC(=O)/C=C/C1C(=CCCC1(C)C)C
416	2-propylpyrazine	18138-03-9	DJLLTFRHLPVCEL-UHFFFAOYSA-N	CCCc1cnccn1
417	1-ethoxy-3-methyl-2-butene	22094-00-4	HPMSQLYFMOOLKS-UHFFFAOYSA-N	CCOCC=C(C)C
418	4-hydroxy-3,5-dimethoxybenzaldehyde	134-96-3	KCDXJAYRVLXPFO-UHFFFAOYSA-N	COc1cc(C=O)cc(OC)c1O
419	ethyl_alcohol	64-17-5	LFQSCWFLJHTTHZ-UHFFFAOYSA-N	CCO
420	ethyl-trans-2,_cis-4-decadienoate	3025-30-7	OPCRGEVPIBLWAY-QNRZBPGKSA-N	CCCCC\C=C/C=C/C(=O)OCC
421	ethyl_salicylate	118-61-6	GYCKQBWUSACYIF-UHFFFAOYSA-N	CCOC(=O)c1ccccc1O
422	paraldehyde	123-63-7	SQYNKIJPMDEDEG-UHFFFAOYSA-N	CC1OC(C)OC(C)O1
423	vanillin	121-33-5	MWOOGOJBHIARFG-UHFFFAOYSA-N	COc1cc(C=O)ccc1O
424	2-pentylfuran	3777-69-3	YVBAUDVGOFCUSG-UHFFFAOYSA-N	CCCCCc1occc1
425	4-methyl-2,6-dimethoxyphenol	6638-05-07	ZFBNNSOJNZBLLS-UHFFFAOYSA-N	COc1cc(C)cc(OC)c1O
426	thymol	89-83-8	MGSRCZKZVOBKFT-UHFFFAOYSA-N	CC(C)c1ccc(C)cc1O
427	pyrrole	109-97-7	KAESVJOAVNADME-UHFFFAOYSA-N	[nH]1cccc1
428	1-(p-methoxyphenyl)-2-propanone	122-84-9	WFWKNGZODAOLEO-UHFFFAOYSA-N	COc1ccc(CC(C)=O)cc1
429	propyl_mercaptan	107-03-9	SUVIGLJNEAMWEG-UHFFFAOYSA-N	CCCS
430	2-isobutyl-3-methoxypyrazine	24683-00-9	UXFSPRAGHGMRSQ-UHFFFAOYSA-N	COc1nccnc1CC(C)C
431	9,12-octadecadienoic_acid_(48%)_plus_9,12,15-octadeca-_trienoinc_acid_(52%)_(methyl_esters)	99999-08-0	@@@	@@@
432	dihydro-b-ionol	3293-47-8	VSYLEWGIVLSDIY-UHFFFAOYSA-N	CC(O)CCC1=C(C)CCCC1(C)C
433	isopulegol	89-79-2	ZYTMANIQRDEHIO-UHFFFAOYSA-N	CC1CCC(C(O)C1)C(C)=C
434	linalyl_acetate	115-95-7	UWKAYLJWKGQEPM-UHFFFAOYSA-N	CC(C)=CCCC(C)(OC(C)=O)C=C
435	1-hexadecanol	36653-82-4	BXWNKGSJHAJOGX-UHFFFAOYSA-N	CCCCCCCCCCCCCCCCO
436	n-octyl_formate	112-32-3	AVBRYQRTMPHARE-UHFFFAOYSA-N	CCCCCCCCOC=O
437	hexyl_trans-2-hexenoate	33855-57-1	NGQTTWDHJIMWOI-CSKARUKUSA-N	CCCCCCOC(=O)\C=C\CCC
438	3,7,11-trimethyl-2,6,10-dodecatrienal	19317-11-4	YHRUHBBTQZKMEX-YFVJMOTDSA-N	CC(C)=CCC\C(C)=C\CC\C(C)=C\C=O
439	hexyl_hexanoate	6378-65-0	NCDCLPBOMHPFCV-UHFFFAOYSA-N	CCCCCCOC(=O)CCCCC
440	2-hydroxyacetophenone	582-24-1	ZWVHTXAYIKBMEE-UHFFFAOYSA-N	OCC(=O)c1ccccc1
441	geranyl_propionate	105-90-8	BYCHQEILESTMQU-FMIVXFBMSA-N	CCC(=O)OC/C=C(C)/CCC=C(C)C
442	nerolidol	7212-44-4	FQTLCLSUCSAZDY-SDNWHVSQSA-N	CC(C)=CCC\C(C)=C\CCC(C)(O)C=C
443	2-pentyl_butyrate	60415-61-4	DJOCFLQKCMWABC-UHFFFAOYSA-N	CCCC(C)OC(=O)CCC
444	isopropyl_propionate	637-78-5	IJMWOMHMDSDKGK-UHFFFAOYSA-N	CCC(=O)OC(C)C
445	2-methylpentanal	123-15-9	FTZILAQGHINQQR-UHFFFAOYSA-N	CCCC(C)C=O
446	prenylthiol	5287-45-6	GYDPOKGOQFTYGW-UHFFFAOYSA-N	CC(C)=CCS
447	diisopropyl_disulfide	4253-89-8	LZAZXBXPKRULLB-UHFFFAOYSA-N	CC(C)SSC(C)C
448	ethyl_3-phenylpropionate	2021-28-5	JAGZUIGGHGTFHO-UHFFFAOYSA-N	CCOC(=O)CCc1ccccc1
449	(+/?)_heptan-3-yl_butyrate	39026-94-3	GTKUPJHQSAPWLL-UHFFFAOYSA-N	CCCCCC(C)OC(=O)CCC
450	decyl_butyrate	5454-09-01	PUCQHFICPFUPKW-UHFFFAOYSA-N	CCCCCCCCCCOC(=O)CCC
451	(+/?)2-mercapto-2-methylpentan-1-ol	258823-39-1	KMWFJTAZFAREIH-UHFFFAOYSA-N	CCCC(C)(CO)S
452	beta-cyclodextrin	7585-39-9	WHGYBXFWUBPSRW-UHFFFAOYSA-N	OCC1OC2OC3C(O)C(O)C(OC3CO)OC4C(O)C(O)C(OC4CO)OC5C(O)C(O)C(OC5CO)OC6C(O)C(O)C(OC6CO)OC7C(O)C(O)C(OC7CO)OC8C(O)C(O)C(OC8CO)OC1C(O)C2O
453	heptyl_acetate	112-06-1	ZCZSIDMEHXZRLG-UHFFFAOYSA-N	CCCCCCCOC(C)=O
454	3-phenylpropyl_propionate	122-74-7	GTNCESCYZPMXCJ-UHFFFAOYSA-N	CCC(=O)OCCCc1ccccc1
455	n-(4-hydroxy-3-methoxybenzyl)-8-methyl-6-nonena-mide	404-86-4	YKPUWZUDDOIDPM-SOFGYWHQSA-N	COc1cc(CNC(=O)CCCC\C=C\C(C)C)ccc1O
456	methyl_nonanoate	1731-84-6	IJXHLVMUNBOGRR-UHFFFAOYSA-N	CCCCCCCCC(=O)OC
457	ethyl_cyclohexanecarboxylate	3289-28-9	JJOYCHKVKWDMEA-UHFFFAOYSA-N	CCOC(=O)C1CCCCC1
458	eugenyl_acetate	93-28-7	SCCDQYPEOIRVGX-UHFFFAOYSA-N	COc1cc(CC=C)ccc1OC(C)=O
459	d-neomenthol	2216-52-6	NOOLISFMXDJSKH-UTLUCORTSA-N	CC1CCC(C(C1)O)C(C)C
460	2-methylvaleric_acid	97-61-0	OVBFMEVBMNZIBR-UHFFFAOYSA-N	CCCC(C)C(O)=O
461	4-carvomenthenol	562-74-3	WRYLYDPHFGVWKC-UHFFFAOYSA-N	CC(C)C1(O)CCC(=CC1)C
462	propiophenone	93-55-0	KRIOVPPHQSLHCZ-UHFFFAOYSA-N	CCC(=O)c1ccccc1
463	propyl_benzoate	2315-68-6	UDEWPOVQBGFNGE-UHFFFAOYSA-N	CCCOC(=O)c1ccccc1
464	3-methyl-2-cyclohexen-1-one	1193-18-6	IITQJMYAYSNIMI-UHFFFAOYSA-N	CC1=CC(=O)CCC1
465	d-ribose	50-69-1	HMFHBZSHGGEWLO-UHFFFAOYSA-N	OCC1OC(O)C(O)C1O
466	m-cresol	108-39-4	RLSSMJSEOOYNOY-UHFFFAOYSA-N	Cc1cccc(O)c1
467	citric_acid	77-92-9	KRKNYBCHXYNGOX-UHFFFAOYSA-N	OC(=O)CC(O)(CC(O)=O)C(O)=O
468	decyl_acetate	112-17-4	NUPSHWCALHZGOV-UHFFFAOYSA-N	CCCCCCCCCCOC(C)=O
469	3-oxohexadecanoic_acid_glyceride	91052-71-0	OVNAZRUJJKCREE-UHFFFAOYAS-N	OCC(O)COC(=O)CC(=O)CCCCCCCCCCCCC
470	vanillyl_ethyl_ether	13184-86-6	KOCVACNWDMSLBM-UHFFFAOYSA-N	CCOCc1ccc(O)c(OC)c1
471	ethyl_phenylacetate	101-97-3	DULCUDSUACXJJC-UHFFFAOYSA-N	CCOC(=O)Cc1ccccc1
472	propyl_disulfide	629-19-6	ALVPFGSHPUPROW-UHFFFAOYSA-N	CCCSSCCC
473	methyl_isobutyrate	547-63-7	BHIWKHZACMWKOJ-UHFFFAOYSA-N	COC(=O)C(C)C
474	dihydrocarvyl_acetate	20777-49-5	TUSIZTVSUSBSQI-UHFFFAOYSA-N	CC1CCC(CC1OC(C)=O)C(C)=C
475	phenethyl_isothiocyanate	2257-09-02	IZJDOKYDEWTZSO-UHFFFAOYSA-N	S=C=NCCc1ccccc1
476	farnesene	502-61-4	CXENHBSYCFFKJS-VDQVFBMKSA-N	CC(C)=CCC\C(C)=C\C\C=C(/C)C=C
477	1,4-dimethyl-4-acetyl-1-cyclohexene	43219-68-7	BIUSXTISNNLMOR-UHFFFAOYSA-N	CC1=CCC(C)(CC1)C(C)=O
478	2-undecen-1-ol	37617-03-1	SKBIQKQBLQHOSU-MDZDMXLPSA-N	CCCCCCCC\C=C\CO
479	cyclohexanone	108-94-1	JHIVVAPYMSGYDF-UHFFFAOYSA-N	O=C1CCCCC1
480	(+/?)-cis-_and_trans-3,5-diethyl-1,2,4-trithiolane	54644-28-9	WQXXXHMEBYGSBG-UHFFFAOYSA-N	CCC1SC(SS1)CC
481	2,5-dimethylthiazole	4175-66-0	WVUHHPQQQLBMOE-UHFFFAOYSA-N	Cc1sc(C)nc1
482	g-butyrolactone	96-48-0	YEJRWHAVMIAJKC-UHFFFAOYSA-N	O=C1CCCO1
483	anisyl_formate	122-91-8	XPDORSROGAZEGY-UHFFFAOYSA-N	COc1ccc(COC=O)cc1
484	n-hexyl-2-butenoate	19089-92-0	MZNHUHNWGVUEAT-YWEYNIOJSA-N	CCCCCCOC(=O)\C=C/C
485	butyl_lactate	138-22-7	MRABAEUHTLLEML-UHFFFAOYSA-N	CCCCOC(=O)C(C)O
486	2,6-nonadien-1-ol	7786-44-9	AMXYRHBJZOVHOL-DYWGDJMRSA-N	CC/C=C/CC\C=C\CO
487	2,3-diethyl-5-methylpyrazine	18138-04-0	PSINWXIDJYEXLO-UHFFFAOYSA-N	CCc1ncc(C)nc1CC
488	a-irone	79-69-6	JZQOJFLIJNRDHK-UZPJXDOOSA-N	C[C@@H]1CC=C(C)[C@H](\C=C\C(C)=O)C1(C)C
489	3-methyl-1-butanethiol	2084-18-6	BFLXFRNPNMTTAA-UHFFFAOYSA-N	CC(C)C(C)S
490	hydrogen_sulfide	7783-06-04	RWSOTUBLDIXVET-UHFFFAOYSA-N	S
491	anisyl_acetate	104-21-2	HFNGYHHRRMSKEU-UHFFFAOYSA-N	COc1ccc(COC(C)=O)cc1
492	4-mercapto-4-methyl-2-pentanone	19872-52-7	QRNZMFDCKKEPSX-UHFFFAOYSA-N	CC(=O)CC(C)(C)S
493	2,5-diethyltetrahydrofuran	41239-48-9	YKWLEIXVUHRKEF-UHFFFAOYSA-N	CCC1CCC(CC)O1
494	dihydroxyacetone	96-26-4	RXKJFZQQPQGTFL-UHFFFAOYSA-N	OCC(=O)CO
495	6,7-dihydro-2,3-dimethyl-5h-cyclopentapyrazine	38917-63-4	AIKNQWWUQFXNAZ-UHFFFAOYSA-N	CC1=NC2=C(CCC2)N=C1C
496	menthyl_isovalerate	16409-46-4	FGHREPYEIHRUKM-UHFFFAOYSA-N	CCC(C)C(=O)OC1CC(C)CCC1C(C)C
497	3-(methylthio)_hexyl_acetate	51755-85-2	VIQXICKUKPVFRK-UHFFFAOYSA-N	CCCC(CCOC(C)=O)SC
498	ethyl_decanoate	110-38-3	RGXWDWUGBIJHDO-UHFFFAOYSA-N	CCCCCCCCCC(=O)OCC
499	phenoxyacetic_acid	122-59-8	LCPDWSOZIOUXRV-UHFFFAOYSA-N	OC(=O)COc1ccccc1
500	(z)-4-propenylphenol	85960-81-2	UMFCIIBZHQXRCJ-IHWYPQMZSA-N	C/C=C\c1ccc(cc1)O
501	4-methylnonanoic_acid	45019-28-1	WQTZCQIRCYSUBQ-SECBINFHSA-M	CCCCC[C@@H](C)CCC([O-])=O
502	heptyl_isobutyrate	2349-13-5	RFDUMBPGZUIKOG-UHFFFAOYSA-N	CCCCCCCOC(=O)C(C)C
503	veratraldehyde	120-14-9	WJUFSDZVCOTFON-UHFFFAOYSA-N	COc1ccc(C=O)cc1OC
504	p-menth-8-en-1-ol	138-87-4	RUJPNZNXGCHGID-UHFFFAOYSA-N	CC(=C)C1CCC(C)(O)CC1
505	ethyl_propionate	105-37-3	FKRCODPIKNYEAC-UHFFFAOYSA-N	CCOC(=O)CC
506	benzyl_tiglate	5837-78-5	OAPHLAAOJMTMLY-GQCTYLIASA-N	CCOC(=O)C(/C)=C/C
507	1-butanethiol	109-79-5	WQAQPCDUOCURKW-UHFFFAOYSA-N	CCCCS
508	diethyl_malate	7554-12-03	VKNUORWMCINMRB-UHFFFAOYSA-N	CCOC(=O)CC(O)C(=O)OCC
509	6-undecanone	927-49-1	ZPQAKYPOZRXKFA-UHFFFAOYSA-N	CCCCCC(=O)CCCCC
510	2-propylpyridine	622-39-9	OIALIKXMLIAOSN-UHFFFAOYSA-N	CCCc1ccccn1
511	citronellyl_acetate	150-84-5	JOZKFWLRHCDGJA-UHFFFAOYSA-N	CC(CCOC(C)=O)CCC=C(C)C
512	ethyl_nonanoate	123-29-5	BYEVBITUADOIGY-UHFFFAOYSA-N	CCCCCCCCC(=O)OCC
513	1-hexanethiol	111-31-9	PMBXCGGQNSVESQ-UHFFFAOYSA-N	CCCCCCS
514	4,5,6,7-tetrahydro-3,6-dimethylbenzofuran	494-90-6	YGWKXXYGDYYFJU-SSDOTTSWSA-N	C[C@@H]1CCc2c(C)coc2C1
515	4-hexen-1-ol	6126-50-7	VTIODUHBZHNXFP-NSCUHMNNSA-N	C/C=C/CCCO
516	2-methyl-2-octenal	49576-57-0	IHZRGRBFNMNNFV-VQHVLOKHSA-N	CCCCC\C=C(/C)C=O
517	4-ethylbenzaldehyde	4748-78-1	QNGNSVIICDLXHT-UHFFFAOYSA-N	CCc1ccc(C=O)cc1
518	piperine	94-62-2	MXXWOMGUGJBKIW-YPCIICBESA-N	O=C(/C=C/C=C/c1ccc2OCOc2c1)N3CCCCC3
519	methyl_benzoate	93-58-3	QPJVMBTYPHYUOC-UHFFFAOYSA-N	COC(=O)c1ccccc1
520	trithioacetone	828-26-2	NBNWHQAWKFYFKI-UHFFFAOYSA-N	CC1(C)SC(C)(C)SC(C)(C)S1
521	dihydro-b-ionone	17283-81-7	QJJDNZGPQDGNDX-UHFFFAOYSA-N	CC(=O)CCC1=C(C)CCCC1(C)C
522	linalool_oxide	1365-19-1	BXOURKNXQXLKRK-UHFFFAOYSA-N	CC(C)=CCCC(C)(O)C1CO1
523	3-mercapto-3-methylbutyl_formate	50746-10-6	VTAPYUYITKYXJB-UHFFFAOYSA-N	CC(C)(S)CCOC=O
524	octanoic_acid	124-07-2	WWZKQHOCKIZLMA-UHFFFAOYSA-N	CCCCCCCC(O)=O
525	3-methylbutyl_2-methylbutanoate	27625-35-0	VGIRHYHLQKDEPP-UHFFFAOYSA-N	CCC(C)C(=O)OCCC(C)C
526	dl-phenylalanine	150-30-1	COLNVLDHVKWLRT-UHFFFAOYSA-N	NC(Cc1ccccc1)C(O)=O
527	2-ethyl-4-methylthiazole	15679-12-6	VGRVKVGGUPOCMT-UHFFFAOYSA-N	CCc1scc(C)n1
528	2,2'-(dithiodimethylene)-difuran	4437-20-1	CBJPZHSWLMJQRI-UHFFFAOYSA-N	C(SSCc1occc1)c2occc2
529	diethyl_sulfide	352-93-2	LJSQFQKUNVCTIA-UHFFFAOYSA-N	CCSCC
530	methyl-4-(methylthio)butyrate	53053-51-3	HQDLZISNHUMXEA-UHFFFAOYSA-N	COC(=O)CCCSC
531	butylamine	109-73-9	HQABUPZFAYXKJW-UHFFFAOYSA-N	CCCCN
532	methyl_(e)-2-(z)-4-decadienoate	4493-42-9	SFHSEXGIVSBRRK-UQGDGPGGSA-N	CCCCC\C=C/C=C/C(=O)OC
533	4-methylthiazole	693-95-8	QMHIMXFNBOYPND-UHFFFAOYSA-N	Cc1cscn1
534	amyl_hexanoate	540-07-8	WRFZKAGPPQGDDQ-UHFFFAOYSA-N	CCCCCOC(=O)CCCCC
535	rhodinyl_butyrate	141-15-1	PYGYQOOIXMJQOJ-UHFFFAOYSA-N	CCCC(=O)OCCC(C)CCCC(C)=C
536	hexyl_2-methylbutyrate	10032-15-2	YUECNVSODFDKOQ-UHFFFAOYSA-N	CCCCCCOC(=O)C(C)CC
537	erythro_and_threo-3-mercapto-2-methylbutan-1-ol	227456-33-9	RFMHFOPFUZZBAD-UHFFFAOYSA-N	CC(CO)C(C)S
538	phenethyl_butyrate	103-52-6	WFNDDSQUKATKNX-UHFFFAOYSA-N	CCCC(=O)OCCc1ccccc1
539	3-mercapto-2-methylpentanal	227456-28-2	FSAGSGCELJTQFN-UHFFFAOYSA-N	CCC(C(C)C=O)S
540	pulegone	89-82-7	NZGWDASTMWDZIW-MRVPVSSYSA-N	C[C@@H]1CCC(=C(C)C)C(=O)C1
541	b-ionone	14901-07-6	PSQYTAPXSHCGMF-BQYQJAHWSA-N	CC(=O)/C=C/C1=C(C)CCCC1(C)C
542	benzyl_ethyl_ether	539-30-0	AXPZDYVDTMMLNB-UHFFFAOYSA-N	CCOCc1ccccc1
543	cinnamyl_alcohol	104-54-1	OOCCDEMITAIZTP-DAXSKMNVSA-N	OC\C=C/c1ccccc1
544	5-methyl-3-hexen-2-one	5166-53-0	IYMKNYVCXUEFJE-SNAWJCMRSA-N	CC(C)\C=C\C(C)=O
545	theobromine	83-67-0	YAPQBXQYLJRXSA-UHFFFAOYSA-N	Cn1cnc2N(C)C(=O)NC(=O)c12
546	butyl_laurate	106-18-3	NDKYEUQMPZIGFN-UHFFFAOYSA-N	CCCCCCCCCCCC(=O)OCCCC
547	hexyl_isobutyrate	2349-07-07	CYHBDKTZDLSRMY-UHFFFAOYSA-N	CCCCCCOC(=O)C(C)C
548	1-methyl-2-acetylpyrrole	932-16-1	NZFLWVDXYUGFAV-UHFFFAOYSA-N	Cn1cccc1C(C)=O
549	isovaleric_acid	503-74-2	GWYFCOCPABKNJV-UHFFFAOYSA-N	CC(C)CC(O)=O
550	2-ethylpyrazine	13925-00-3	KVFIJIWMDBAGDP-UHFFFAOYSA-N	CCc1cnccn1
551	sodium_acetate	127-09-3	VMHLLURERBWHNL-UHFFFAOYSA-M	[Na+].CC([O-])=O
552	trans-2-nonen-1-ol	31502-14-4	NSSALFVIQPAIQK-BQYQJAHWSA-N	CCCCCC/C=C/CO
553	propylene_glycol	57-55-6	DNIAPMSPPWPWGF-UHFFFAOYSA-N	CC(O)CO
554	n-nonanal	124-19-6	GYHFUZHODSMOHU-UHFFFAOYSA-N	CCCCCCCCC=O
555	2-octenal	2363-89-5	LVBXEMGDVWVTGY-VOTSOKGWSA-N	CCCCC\C=C\C=O
556	2,5-dimethylpyrazine	123-32-0	LCZUOKDVTBMCMX-UHFFFAOYSA-N	Cc1cnc(C)cn1
557	2-ethylbutyraldehyde	97-96-1	UNNGUFMVYQJGTD-UHFFFAOYSA-N	CCC(CC)C=O
558	dipropyl_trisulfide	6028-61-1	GAZXPZNJTZIGBO-UHFFFAOYSA-N	CCCSSSCCC
559	4-methyl-2-pentanone	108-10-1	NTIZESTWPVYFNL-UHFFFAOYSA-N	CC(C)CC(C)=O
560	dimethyl_trisulfide	3658-80-8	YWHLKYXPLRWGSE-UHFFFAOYSA-N	CSSSC
561	p-propyl_anisole	104-45-0	KBHWKXNXTURZCD-UHFFFAOYSA-N	CCCc1ccc(OC)cc1
562	diethyl_trisulfide	3600-24-6	OPMRTBDRQRSNDN-UHFFFAOYSA-N	CCSSSCC
563	2,6,10-trimethyl-2,6,10-pentadecatrien-14-one	762-29-8	LTUMRKDLVGQMJU-IUBLYSDUSA-N	CC(C)=CCC\C(C)=C\CC\C(C)=C\CCC(C)=O
564	methyl-n-methylanthranilate	85-91-6	GVOWHGSUZUUUDR-UHFFFAOYSA-N	CNc1ccccc1C(=O)OC
565	caffeine	58-08-02	RYYVLZVUVIJVGH-UHFFFAOYSA-N	Cn1cnc2N(C)C(=O)N(C)C(=O)c12
566	(+/?)-2-(5-methyl-5-vinyltetrahydrofuran-2-yl)propi-onaldehyde	67920-63-2	YPZQHCLBLRWNMJ-UHFFFAOYSA-N	CC(C=O)C1CCC(C)(O1)C=C
567	isopropyl_acetate	108-21-4	JMMWKPVZQRWMSS-UHFFFAOYSA-N	CC(C)OC(C)=O
568	methylcyclopentenolone	765-70-8	OACYKCIZDVVNJL-UHFFFAOYSA-N	CC1CCC(=O)C1=O
569	benzyl_acetoacetate	5396-89-4	WOFAGNLBCJWEOE-UHFFFAOYSA-N	CC(=O)CC(=O)OCc1ccccc1
570	triethyl_citrate	77-93-0	DOOTYTYQINUNNV-UHFFFAOYSA-N	CCOC(=O)CC(O)(CC(=O)OCC)C(=O)OCC
571	linalyl_formate	115-99-1	JZOCDHMHLGUPFI-UHFFFAOYSA-N	CC(C)=CCCC(C)(OC=O)C=C
572	ascorbic_acid	50-81-7	TYQCGQRIZGCHNB-UHFFFAOYSA-N	OCC(O)C1OC(=C(O)C1=O)O
573	hexyl_butyrate	2639-63-6	XAPCMTMQBXLDBB-UHFFFAOYSA-N	CCCCCCOC(=O)CCC
574	2-isobutyl_thiazole	18640-74-9	CMPVUVUNJQERIT-UHFFFAOYSA-N	CC(C)Cc1sccn1
575	o-vinylanisole	612-15-7	SFBTTWXNCQVIEC-UHFFFAOYSA-N	COc1ccccc1C=C
576	trans-anethole	4180-23-8	RUVINXPYWBROJD-ONEGZZNKSA-N	COc1ccc(\C=C\C)cc1
577	butyl_anthranilate	7756-96-9	HUIYGGQINIVDNW-UHFFFAOYSA-N	CCCCOC(=O)c1ccccc1N
578	2,2,6-trimethylcyclohexanone	2408-37-9	ZPVOLGVTNLDBFI-UHFFFAOYSA-N	CC1CCCC(C)(C)C1=O
579	l-aspartic_acid	8021-39-4	LHGVFZTZFXWLCP-UHFFFAOYSA-N	COc1ccccc1O
580	2,6,6-trimethyl-6-vinyltetrahydropyran	7392-19-0	NETOHYFTCONTDT-UHFFFAOYSA-N	O1C(C=C)(CCCC1(C)C)C
581	g-octalactone	104-50-7	IPBFYZQJXZJBFQ-UHFFFAOYSA-N	CCCCC1CCC(=O)O1
582	terpinyl_butyrate	2153-28-8	LWKWNIYBQLKBMQ-UHFFFAOYSA-N	C(=O)(CCC)OC(C)(C)C1CC=C(CC1)C
583	undecyl_alcohol	112-42-5	KJIOQYGWTQBHNH-UHFFFAOYSA-N	CCCCCCCCCCCO
584	2,6-dimethylpyridine	108-48-5	OISVCGZHLKNMSJ-UHFFFAOYSA-N	Cc1cccc(C)n1
585	6-hydroxydihydrotheaspirane	57967-68-7	LJOISVFAMDWVFA-UHFFFAOYSA-N	CC1CCC2(O1)C(CCCC2(C)O)(C)C
586	linalool	78-70-6	CDOSHBSSFJOMGT-UHFFFAOYSA-N	CC(C)=CCCC(C)(O)C=C
587	isoeugenol	97-54-1	BJIOGJUNALELMI-ONEGZZNKSA-N	COc1cc(\C=C\C)ccc1O
588	methyl_trans-2-octenoate	2396-85-2	CJBQSBZJDJHMLF-BQYQJAHWSA-N	CCCCCC=CC(=O)OC
589	disodium_5'-guanylate	5550-12-09	PVBRXXAAPNGWGE-LGVAUZIVSA-L	[Na+].[Na+].NC1=NC(=O)c2ncn([C@@H]3O[C@H](CO[P]([O-])([O-])=O)[C@@H](O)[C@H]3O)c2N1
590	methyl_1-propenyl_disulfide	5905-47-5	FUDUFCLRGSEHAJ-ONEGZZNKSA-N	CSS\C=C\C
591	butter_acids	85536-25-0	OJTHLNYBRBMCBW-UHFFFAOYSA-N	CC(C)(C1=C(Cl)C(Cl)=C(O)C(Cl)=C1Cl)C1=C(Cl)C(Cl)=C(O)C(Cl)=C1Cl
592	10-hydroxymethylene-2-pinene	128-50-7	ROKSAUSPJGWCSM-UHFFFAOYSA-N	CC1(C)C2CC=C(CCO)C1C2
593	ethyl_3-methylpentanoate	5870-68-8	TXAWGHYFBQBVNK-UHFFFAOYSA-N	CCOC(=O)CC(C)CC
594	4-hydroxy-5-methyl-3(2h)-furanone	19322-27-1	DLVYTANECMRFGX-UHFFFAOYSA-N	CC1=C(O)C(=O)CO1
595	2-octanone	111-13-7	ZPVFWPFBNIEHGJ-UHFFFAOYSA-N	CCCCCCC(C)=O
596	linalyl_isovalerate	1118-27-0	HEFIQLWSSMNWLQ-UHFFFAOYSA-N	CC(C)CC(=O)OC(C=C)C(C)CC=C(C)C
597	d-hexalactone	823-22-3	RZTOWFMDBDPERY-UHFFFAOYSA-N	CC1CCCC(=O)O1
598	benzaldehyde_dimethyl_acetal	1125-88-8	HEVMDQBCAHEHDY-UHFFFAOYSA-N	COC(OC)c1ccccc1
599	methyl_sulfide	75-18-3	QMMFVYPAHWMCMS-UHFFFAOYSA-N	CSC
600	propyl_alcohol	71-23-8	BDERNNFJNOPAEC-UHFFFAOYSA-N	CCCO
601	1-(methylthio)-2-butanone	13678-58-5	GOAGGJDTOMPTSA-UHFFFAOYSA-N	CCC(=O)CSC
602	eucalyptol	470-82-6	WEEGYLXZBRQIMU-WAAGHKOSSA-N	CC12CCC(CC1)C(C)(C)O2
603	isopropyl_formate	625-55-8	RMOUBSOVHSONPZ-UHFFFAOYSA-N	CC(C)OC=O
604	2'-aminoacetophenone	551-93-9	GTDQGKWDWVUKTI-UHFFFAOYSA-N	CC(=O)c1ccccc1N
605	m-dimethoxybenzene	151-10-0	DPZNOMCNRMUKPS-UHFFFAOYSA-N	COc1cccc(OC)c1
606	phenethyl_acetate	103-45-7	MDHYEMXUFSJLGV-UHFFFAOYSA-N	CC(=O)OCCc1ccccc1
607	benzyl_salicylate	118-58-1	ZCTQGTTXIYCGGC-UHFFFAOYSA-N	Oc1ccccc1C(=O)OCc2ccccc2
608	(+/?)_2-methyl-1-butanol	137-32-6	QPRQEDXDYOZYLA-UHFFFAOYSA-N	CCC(C)CO
609	trans-2-hexenoic_acid	13419-69-7	NIONDZDPPYHYKY-SNAWJCMRSA-M	CCC\C=C\C([O-])=O
610	hexyl_acetate	142-92-7	AOGQPLXWSUTHQB-UHFFFAOYSA-N	CCCCCCOC(C)=O
611	benzyl_alcohol	100-51-6	WVDDGKGOMKODPV-UHFFFAOYSA-N	OCc1ccccc1
612	verbenol	473-67-6	WONIGEXYPVIKFS-UHFFFAOYSA-N	CC1=CC(O)C2CC1C2(C)C
613	diallyl_trisulfide	2050-87-5	UBAXRAHSPKWNCX-UHFFFAOYSA-N	C=CCSSSCC=C
614	o-methylanisole	578-58-5	DTFKRVXLBCAIOZ-UHFFFAOYSA-N	COc1ccccc1C
615	a,a-dimethylphenethyl_alcohol	100-86-7	RIWRBSMFKVOJMN-UHFFFAOYSA-N	CC(C)(O)Cc1ccccc1
616	hexyl_formate	629-33-4	OUGPMNMLWKSBRI-UHFFFAOYSA-N	CCCCCCOC=O
617	4-methyl-5-vinylthiazole	1759-28-0	QUAMMXIRDIIGDJ-UHFFFAOYSA-N	Cc1ncsc1C=C
618	cis-_and_trans-menthone-8-thioacetate	57129-12-1	AMXPURQVAMENCC-UHFFFAOYSA-N	CC1CCC(C(=O)C1)C(C)(C)SC(C)=O
619	lauryl_alcohol	112-53-8	LQZZUXJYWNFBMV-UHFFFAOYSA-N	CCCCCCCCCCCCO
620	safrole	94-59-7	ZMQAAUBTXCXRIC-UHFFFAOYSA-N	C=CCc1ccc2OCOc2c1
621	isobutyl_heptanoate	7779-80-8	HXJOYVPESRRCDB-UHFFFAOYSA-N	CCCCCCC(=O)OCC(C)C
622	benzyl_butyl_ether	588-67-0	MAYUYFCAPVDYBQ-UHFFFAOYSA-N	CCCCOCc1ccccc1
623	2-methoxy-4-propylphenol	2785-87-7	PXIKRTCSSLJURC-UHFFFAOYSA-N	CCCc1ccc(O)c(OC)c1
624	octyl_2-methylbutyrate	29811-50-5	BCOJVEMHTBSAOE-UHFFFAOYSA-N	CCCCCCCCOC(=O)C(C)CC
625	thaumatin_b-recombinant	53850-34-3	IVPOQXWRUMMORK-UHFFFAOYSA-N	 CC(=O)NC1=CC=C(C=C1)S(=O)(=O)N1CCN(CC1)C1CCCCCC1
626	2-hydroxy-4-methyl_benzaldehyde	698-27-1	JODRRPJMQDFCBJ-UHFFFAOYSA-N	Cc1ccc(C=O)c(O)c1
627	(z)-4-hydroxy-6-dodecenoic_acid_lactone	18679-18-0	QFXOXDSHNXAFEY-SREVYHEPSA-N	CCCCC\C=C/CC1CCC(=O)O1
628	p-mentha-1,3-diene	99-86-5	YHQGMYUVUMAZJR-UHFFFAOYSA-N	CC(C)C1=CC=C(C)CC1
629	linalyl_octanoate	10024-64-3	OJKMRECJBIPPRG-UHFFFAOYSA-N	CCCCCCCC(=O)OC(C)(CCC=C(C)C)C=C
630	amyl_alcohol	71-41-0	AMQJEAYHLZJPGS-UHFFFAOYSA-N	CCCCCO
631	3-methyl-1-pentanol	589-35-5	IWTBVKIGCDZRPL-UHFFFAOYSA-N	CCC(C)CCO
632	2(10)-pinen-3-ol	5947-36-4	LCYXQUJDODZYIJ-UHFFFAOYSA-N	CC1(C)C2CC(O)C(=C)C1C2
633	methyl_propyl_trisulfide	17619-36-2	ZOYASYRPGHCQHW-UHFFFAOYSA-N	CCCSSSC
634	ethyl_undecanoate	627-90-7	IAFQYUQIAOWKSB-UHFFFAOYSA-N	CCCCCCCCCCC(=O)OCC
635	4-(p-methoxyphenyl)-2-butanone	104-20-1	PCBSXBYCASFXTM-UHFFFAOYSA-N	COc1ccc(CCC(C)=O)cc1
636	benzyl_methyl_sulfide	766-92-7	OFQPKKGMNWASPN-UHFFFAOYSA-N	CSCc1ccccc1
637	o-propylphenol	644-35-9	LCHYEKKJCUJAKN-UHFFFAOYSA-N	CCCc1ccccc1O
638	4-hydroxybenzoic_acid	99-96-7	FJKROLUGYXJWQN-UHFFFAOYSA-N	OC(=O)c1ccc(O)cc1
639	5,6,7,8-tetrahydroquinoxaline	34413-35-9	XCZPDOCRSYZOBI-UHFFFAOYSA-N	C1CCc2nccnc2C1
640	g-heptalactone	105-21-5	VLSVVMPLPMNWBH-UHFFFAOYSA-N	CCCC1CCC(=O)O1
641	3-methyl-1-cyclopentadecanone	541-91-3	ALHUZKCOMYUFRB-UHFFFAOYSA-N	CC1CCCCCCCCCCCCC(=O)C1
642	carveol	99-48-9	BAVONGHXFVOKBV-UHFFFAOYSA-N	CC(=C)C1CC=C(C)C(O)C1
643	2,6-dimethoxyphenol	91-10-01	KLIDCXVFHGNTTM-UHFFFAOYSA-N	COc1cccc(OC)c1O
644	isopropyl_butyrate	638-11-9	FFOPEPMHKILNIT-UHFFFAOYSA-N	CCCC(=O)OC(C)C
645	2-hexenal	505-57-7	MBDOYVRWFFCFHM-SNAWJCMRSA-N	CCC/C=C/C=O
646	2-methyl-1-propanethiol	513-44-0	BDFAOUQQXJIZDG-UHFFFAOYSA-N	CC(C)CS
647	3-methyl-2-butanol	598-75-4	MXLMTQWGSQIYOW-UHFFFAOYSA-N	CC(C)C(C)O
648	5-ethyl-2-hydroxy-3-methylcyclopent-2-en-1-one	53263-58-4	ARHWUYVUNJLMRR-UHFFFAOYSA-N	CCC1CC(=C(O)C1=O)C
649	4-ethylguaiacol	2785-89-9	CHWNEIVBYREQRF-UHFFFAOYSA-N	CCc1ccc(O)c(OC)c1
650	borneol	507-70-0	DTGKSKDOIYIVQL-UHFFFAOYSA-N	CC1(C)C2CCC1(C)C(O)C2
651	6-methyl-3,5-heptadien-2-one	1604-28-0	KSKXSFZGARKWOW-GQCTYLIASA-N	CC(C)=C/C=C/C(C)=O
652	1,2,5,6-tetrahydrocuminic_acid	56424-87-4	SVVRHSSIDPLFOP-UHFFFAOYSA-N	CC(C)C1=CCC(CC1)C(O)=O
653	acetic_anhydride	108-24-7	WFDIJRYMOXRFFG-UHFFFAOYSA-N	CC(=O)OC(C)=O
654	methyl_ethyl_trisulfide	31499-71-5	XEKUTWIJPKGAQT-UHFFFAOYSA-N	CCSSSC
655	3-(methylthio)propyl_acetate	16630-55-0	LPZQTNIAYMRVMF-UHFFFAOYSA-N	CSCCCOC(C)=O
656	3-heptanone	106-35-4	NGAZZOYFWWSOGK-UHFFFAOYSA-N	CCCCC(=O)CC
657	n-octanal	124-13-0	NUJGJRNETVAIRJ-UHFFFAOYSA-N	CCCCCCCC=O
658	2,4-dimethylbenzaldehyde	15764-16-6	GISVICWQYMUPJF-UHFFFAOYSA-N	Cc1ccc(C=O)c(C)c1
659	(+/?)-dihydrofarnesol	1335-48-4	XOTVPLZGIIGSKR-RVDMUPIBSA-N	CC(CCC\C(C)=C\CO)CCC=C(C)C
660	butyl_isovalerate	109-19-3	AYWJSCLAAPJZEF-UHFFFAOYSA-N	CCCCOC(=O)CC(C)C
661	1-octen-3-one	4312-99-6	KLTVSWGXIAYTHO-UHFFFAOYSA-N	CCCCCC(=O)C=C
662	2,4,5-trimethyl-d-3-oxazoline	22694-96-8	YFSGRMONVCFYTC-NTSWFWBYSA-O	C[C@H]1O[C@@H](C)C(=[NH+]1)C
663	2-tridecenal	7774-82-5	VMUNAKQXJLHODT-VAWYXSNFSA-N	CCCCCCCCCC\C=C\C=O
664	amyl_formate	638-49-3	DIQMPQMYFZXDAX-UHFFFAOYSA-N	CCCCCOC=O
665	1-amino-2-propanol	78-96-6	HXKKHQJGJAFBHI-UHFFFAOYSA-N	CC(O)CN
666	2-methyl-5-thiomethylfuran	13678-59-6	RESBOJMQOGJOMW-UHFFFAOYSA-N	CSc1oc(C)cc1
667	2-ethyl-3-methylpyrazine	15707-23-0	LNIMMWYNSBZESE-UHFFFAOYSA-N	CCc1nccnc1C
668	cis-3-hexenyl_lactate	61931-81-5	NNLLMULULOBXBY-PLNGDYQASA-N	CC\C=C/CCOC(=O)C(C)O
669	methyl_furoate	611-13-2	HDJLSECJEQSPKW-UHFFFAOYSA-N	COC(=O)c1occc1
670	decanal	112-31-2	KSMVZQYAVGTKIV-UHFFFAOYSA-N	CCCCCCCCCC=O
671	acetic_acid	64-19-7	QTBSBXVTEAMEQO-UHFFFAOYSA-N	CC(O)=O
672	ethyl_tiglate	5837-78-5	OAPHLAAOJMTMLY-GQCTYLIASA-N	CCOC(=O)C(/C)=C/C
673	myrcene	123-35-3	UAHWPYUMFXYFJY-UHFFFAOYSA-N	CC(C)=CCCC(=C)C=C
674	3-oxodecanoic_acid_glyceride	91052-69-6	WETTWTNYIULXTF-UHFFFAOYSA-N	OCC(O)COC(=O)CC(=O)CCCCCCC
675	(e)-2-octen-1-ol	18409-17-1	AYQPVPFZWIQERS-VOTSOKGWSA-N	CCCCC\C=C\CO
676	4-hydroxybenzaldehyde	123-08-0	RGHHSNMVTDWUBI-UHFFFAOYSA-N	Oc1ccc(C=O)cc1
677	santalol,_a_and	11031-45-1	RAPKQMZFSCMPDF-GAXCVXDLSA-N	C/C=C/C=C/C=C/C=C/CCCCCCO
678	5-hydroxy-7-decenoic_acid_d-lactone	25524-95-2	XPPALVZZCMPTIV-ONEGZZNKSA-N	CC/C=C/CC1CCCC(=O)O1
679	isosafrole_(prohibited)	120-58-1	VHVOLFRBFDOUSH-NSCUHMNNSA-N	C/C=C/c1ccc2OCOc2c1
680	neryl_acetate	141-12-8	HIGQPQRQIQDZMP-FLIBITNWSA-N	CC(=O)OC\C=C(C)/CCC=C(C)C
681	cadinene	29350-73-0	HNTISMRTGMVWGH-YTFOTSKYSA-N	CC(C)[C@@H]1CC[C@H](C)[C@@H]2C=C[C@H](C)C[C@@H]12
682	cis-3-hexenyl_butyrate	16491-36-4	ZCHOPXVYTWUHDS-WAYWQWQTSA-N	CCCC(=O)OCC\C=C/CC
683	trans-2-octen-1-yl_acetate	3913-80-2	MBRLTLPMVMFRTJ-BQYQJAHWSA-N	CCCCC/C=C/COC(C)=O
684	d,l-valine	516-06-3	KZSNJWFQEVHDMF-UHFFFAOYSA-N	CC(C)C(N)C(O)=O
685	ethyl_propyl_disulfide	30453-31-7	SNGRPWPVGSSZGV-UHFFFAOYSA-N	CCCSSCC
686	trimethylamine	75-50-3	GETQZCLCWQTVFV-UHFFFAOYSA-N	CN(C)C
687	ethyl_trans-2-decenoate	7367-88-6	GNJARWZWODMTDR-ZHACJKMWSA-N	CCCCCCC/C=C/C(=O)OCC
688	acetophenone	98-86-2	KWOLFJPFCHCOCG-UHFFFAOYSA-N	CC(=O)c1ccccc1
689	2,4,5-trimethyl_thiazole	13623-11-5	BAMPVSWRQZNDQC-UHFFFAOYSA-N	Cc1sc(C)c(C)n1
690	4-hydroxy-2,5-dimethyl-3(2h)-furanone	3658-77-3	INAXVXBDKKUCGI-UHFFFAOYSA-N	CC1OC(=C(O)C1=O)C
691	3-methylcrotonic_acid	541-47-9	YYPNJNDODFVZLE-UHFFFAOYSA-N	CC(C)=CC(O)=O
692	5-hydroxy-2,4-decadienoic_acid_d-lactone	51154-96-2	NEDIAPMWNCQWNW-UHFFFAOYSA-N	CCCCCC1CC=CC(=O)O1
693	3-ethyl-2,6-dimethylpyrazine	13925-07-0	JZBCTZLGKSYRSF-UHFFFAOYSA-N	CCc1ncc(C)nc1C
694	disodium_succinate	150-90-3	ZDQYSKICYIVCPN-UHFFFAOYSA-L	[Na+].[Na+].[O-]C(=O)CCC([O-])=O
695	1-ethyl-2-acetylpyrrole	39741-41-8	HQADRFRTIALOCB-UHFFFAOYSA-N	CCn1cccc1C(C)=O
696	biphenyl	92-52-4	ZUOUZKKEUPVFJK-UHFFFAOYSA-N	c1ccc(cc1)c2ccccc2
697	2-methyltetrahydrothiophen-3-one	13679-85-1	YMZZPMVKABUEBL-UHFFFAOYSA-N	CC1SCCC1=O
698	b-ionol	22029-76-1	CNOPDZWOYFOHGN-BQYQJAHWSA-N	CC(O)/C=C/C1=C(C)CCCC1(C)C
699	sodium_citrate	68-04-02	HRXKRNGNAMMEHJ-UHFFFAOYSA-K	[Na+].[Na+].[Na+].OC(CC([O-])=O)(CC([O-])=O)C([O-])=O
700	estragole	140-67-0	ZFMSMUAANRJZFM-UHFFFAOYSA-N	COc1ccc(CC=C)cc1
701	bornyl_isovalerate	76-50-6	MPYYVGIJHREDBO-UHFFFAOYSA-N	CC(C)CC(=O)OC1CC2CCC1(C2(C)C)C
702	2-ethyl_(3_or_5_or_6)-methoxypyrazine_(85%)_plus_2-methyl_(3_or_5_or_6)-methoxypyrazine_(13%)	977044-47-5	@@@	@@@
703	furfural	98-01-01	HYBBIBNJHNGZAN-UHFFFAOYSA-N	O=Cc1occc1
704	alpha-terpineol	10482-56-1	WUOACPNHFRMFPN-SECBINFHSA-N	CC1=CC[C@H](CC1)C(C)(C)O
705	a-methylbenzyl_acetate	93-92-5	QUMXDOLUJCHOAY-UHFFFAOYSA-N	CC(OC(C)=O)c1ccccc1
706	4-methyloctanoic_acid	54947-74-9	LEGGANXCVQPIAI-MRVPVSSYSA-M	CCCC[C@@H](C)CCC([O-])=O
707	quinine	130-95-0	LOUPRKONTZGTKE-WZBLMQSHSA-N	COC1=CC2=C(C=CN=C2C=C1)[C@H]([C@@H]3C[C@@H]4CCN3C[C@@H]4C=C)O
708	3-hydroxy-2-oxopropionic_acid	1113-60-6	HHDDCCUIIUWNGJ-UHFFFAOYSA-N	OCC(=O)C(O)=O
709	isoamyl_isovalerate	659-70-1	XINCECQTMHSORG-UHFFFAOYSA-N	CC(C)CCOC(=O)CC(C)C
710	phenethyl_propionate	122-70-3	HVGZQCSMLUDISR-UHFFFAOYSA-N	CCC(=O)OCCc1ccccc1
711	g-ionone	79-76-5	SFEOKXHPFMOVRM-BQYQJAHWSA-N	CC(=O)/C=C/C1C(=C)CCCC1(C)C
712	2-propionylpyrrole	1073-26-3	AEJPPSRYXGEVDT-UHFFFAOYSA-N	CCC(=O)c1[nH]ccc1
713	geranyl_isobutyrate	2345-26-8	OGJYXQFXLSCKTP-UKTHLTGXSA-N	CC(C)C(=O)OC\C=C(C)\CCC=C(C)C
714	bis-(methylthio)methane	1618-26-4	LOCDPORVFVOGCR-UHFFFAOYSA-N	CSCSC
715	d-fenchone	4695-62-9	LHXDLQBQYFFVNW-XCBNKYQSSA-N	CC1(C)[C@@H]2CC[C@@](C)(C2)C1=O
716	methyl_o-methoxybenzoate	606-45-1	PFYHAAAQPNMZHO-UHFFFAOYSA-N	COC(=O)c1ccccc1OC
717	phenethyl_formate	104-62-1	IKDIJXDZEYHZSD-UHFFFAOYSA-N	O=COCCc1ccccc1
718	caryophyllene_alcohol	4586-22-5	MJYUBUQHKCAJQR-UHFFFAOYSA-N	CC1(CC2C(C1)C3(CCCC2(C3O)C)C)C
719	propionic_acid	79-09-04	XBDQKXXYIPTUBI-UHFFFAOYSA-N	CCC(O)=O
720	p-menth-3-en-1-ol	586-82-3	XJWZDXFFNOMMTD-UHFFFAOYSA-N	CC(C)C1=CCC(C)(O)CC1
721	3-acetylpyridine	350-03-8	WEGYGNROSJDEIW-UHFFFAOYSA-N	CC(=O)c1cccnc1
722	1-mercapto-2-propanone	24653-75-6	USVCRBGYQRVTNK-UHFFFAOYSA-N	CC(=O)CS
723	methyl_sorbate	686-89-4	KWKVAGQCDSHWFK-VNKDHWASSA-N	C/C=C/C=C/C(=O)OC
724	heptanoic_acid	111-14-8	MNWFXJYAOYHMED-UHFFFAOYSA-N	CCCCCCC(O)=O
725	3-methyl-2-oxobutanoic_acid	759-05-7	WIQBZDCJCRFGKA-UHFFFAOYSA-M	[Na+].CC(C)C(=O)C([O-])=O
726	(e)-3,7-dimethyl-1,5,7-octatrien-3-ol	38818-60-9	ZJIQIJIQBTVTDY-VOTSOKGWSA-N	CC(=C)C=CCC(C)(C=C)O
727	3,4-xylenol	95-65-8	YCOXTKKNXUZSKD-UHFFFAOYSA-N	Cc1ccc(O)cc1C
728	3-(methylthio)propanol	505-10-2	CZUGFKJYCPYHHV-UHFFFAOYSA-N	CSCCCO
729	2,4-pentadienal	746-40-9	PPXGQLMPUIVFRE-ONEGZZNKSA-N	C=CC=CC=O
730	lauric_aldehyde	112-54-9	HFJRKMMYBMWEAD-UHFFFAOYSA-N	CCCCCCCCCCCC=O
731	bisabolene	495-62-5	XBGUIVFBMBVUEG-CCEZHUSRSA-N	CC(C)=CCC\C(C)=C/1CCC(=CC1)C
732	(z)(z)-3,6-nonadien-1-ol	76649-25-7	PICGPEBVZGCYBV-FZWLCVONSA-N	CC\C=C\C\C=C\CCO
733	ethyl_propyl_trisulfide	31499-70-4	SHEIYCJSZOMHMI-UHFFFAOYSA-N	CCCSSSCC
734	phenylacetaldehyde	122-78-1	DTUQWGWMVIHBKE-UHFFFAOYSA-N	O=CCc1ccccc1
735	p-tolyl-3-methyl_butyrate	55066-56-3	MVDPTWHTUYDLTL-UHFFFAOYSA-N	CC(C)CC(=O)Oc1ccc(C)cc1
736	2-methylundecanal	110-41-8	NFAVNWJJYQAGNB-UHFFFAOYSA-N	CCCCCCCCCC(C)C=O
737	phenylacetic_acid	103-82-2	WLJVXDMOQOGPHL-UHFFFAOYSA-N	OC(=O)Cc1ccccc1
738	vanillin_acetate	881-68-5	PZSJOBKRSVRODF-UHFFFAOYSA-N	COc1cc(C=O)ccc1OC(C)=O
739	undecen-1-ol	112-43-6	GIEMHYCMBGELGY-UHFFFAOYSA-N	OCCCCCCCCCC=C
740	n-octyl_isovalerate	7786-58-5	FUBGRVHGQADOJI-UHFFFAOYSA-N	CCCCCCCCOC(=O)CC(C)C
741	2-heptylfuran	3777-71-7	BHTUFJXTYNLISA-UHFFFAOYSA-N	CCCCCCCc1occc1
742	methyl_mercaptan	74-93-1	LSDPWZHWYPCBBB-UHFFFAOYSA-N	CS
743	10-undecenoic_acid	112-38-9	FRPZMMHWLSIFAZ-UHFFFAOYSA-N	OC(=O)CCCCCCCCC=C
744	ethyl_heptanoate	106-30-9	TVQGDYNRXLTQAP-UHFFFAOYSA-N	CCCCCCC(=O)OCC
745	cis-2-nonen-1-ol	41453-56-9	NSSALFVIQPAIQK-FPLPWBNLSA-N	CCCCCC\C=C/CO
746	hydroxycitronellol	107-74-4	FPCCDPXRNNVUOM-UHFFFAOYSA-N	CC(CCO)CCCC(C)(C)O
747	3-phenylpropionic_acid	501-52-0	XMIIGOLPHOKFCH-UHFFFAOYSA-N	OC(=O)CCc1ccccc1
748	ethyl_octadecanoate	111-61-5	MVLVMROFTAUDAG-UHFFFAOYSA-N	CCCCCCCCCCCCCCCCCC(=O)OCC
749	3-oxobutanal,_dimethyl_acetal	5436-21-5	PJCCSZUMZMCWSX-UHFFFAOYSA-N	COC(CC(C)=O)OC
750	ethyl_hexanoate	123-66-0	SHZIWNPUGXLXDT-UHFFFAOYSA-N	CCCCCC(=O)OCC
751	4-(p-hydroxyphenyl)-2-butanone	5471-51-2	NJGBTKGETPDVIK-UHFFFAOYSA-N	CC(=O)CCc1ccc(O)cc1
752	ethyl_cis-4-heptenoate	39924-27-1	GITGIBUELGTBSG-AATRIKPKSA-N	CCOC(=O)CC\C=C\CC
753	2,3,5,6-tetramethylpyrazine	1124-11-4	FINHMKGKINIASC-UHFFFAOYSA-N	Cc1nc(C)c(C)nc1C
754	2-sec-butylcyclohexanone	14765-30-1	RQXTZKGDMNIWJF-UHFFFAOYSA-N	CCC(C)C1CCCCC1=O
755	sodium_benzoate	532-31-1	WXMKPNITSTVMEF-UHFFFAOYSA-M	C1=CC=C(C=C1)C(=O)[O-].[Na+]
756	3-octanol	589-98-0	NMRPBPVERJPACX-UHFFFAOYSA-N	CCCCCC(O)CC
757	3-carene	13466-78-9	BQOFWKZOCNGFEC-UHFFFAOYSA-N	CC1=CCC2C(C1)C2(C)C
758	isoquinoline	119-65-3	AWJUIBRHMBBTKR-UHFFFAOYSA-N	c1ccc2cnccc2c1
759	cuminaldehyde	122-03-2	WTWBUQJHJGUZCY-UHFFFAOYSA-N	CC(C)c1ccc(C=O)cc1
760	linalyl_propionate	144-39-8	WAQIIHCCEMGYKP-UHFFFAOYSA-N	CCC(=O)OC(C)(CCC=C(C)C)C=C
761	3-hexen-1-ol	928-96-1	UFLHIIWVXFIJGU-ARJAWSKDSA-N	CC\C=C/CCO
762	3-phenylpropyl_cinnamate	122-68-9	LYRAHIUDQRJGGZ-YPKPFQOOSA-N	O=C(OCCCc1ccccc1)\C=C/c2ccccc2
763	n-butyl-2-methylbutyrate	15706-73-7	OTKQNSSMCDLVQV-UHFFFAOYSA-N	CCCCOC(=O)C(C)CC
764	2-methylbutyraldehyde	96-17-3	BYGQBDHUGHBGMD-UHFFFAOYSA-N	CCC(C)C=O
765	benzyl_isobutyrate	103-28-6	UIKJRDSCEYGECG-UHFFFAOYSA-N	CC(C)C(=O)OCc1ccccc1
766	methyl_myristate	124-10-7	ZAZKJZBWRNNLDS-UHFFFAOYSA-N	CCCCCCCCCCCCCC(=O)OC
767	fenchyl_alcohol	1632-73-1	IAIHUHQCLTYTSF-MRTMQBJTSA-N	CC1(C)[C@@H]2CC[C@@](C)(C2)[C@@H]1O
768	butyl_acetate	123-86-4	DKPFZGUDAPQIHT-UHFFFAOYSA-N	CCCCOC(C)=O
769	cis-6-nonenal	2277-19-2	RTNPCOBSXBGDMO-ARJAWSKDSA-N	CC\C=C/CCCCC=O
770	2,2,4-trimethyl-1,3-oxacyclopentane	1193-11-9	ALTFLAPROMVXNX-UHFFFAOYSA-N	CC1COC(C)(C)O1
771	2-hydroxybenzoic_acid	69-72-7	YGSDEFSMJLZEOE-UHFFFAOYSA-N	OC(=O)c1ccccc1O
772	3-methylbutyraldehyde	590-86-3	YGHRJJRRZDOVPD-UHFFFAOYSA-N	CC(C)CC=O
773	octyl_isobutyrate	109-15-9	PQCYCHFQWMNQRJ-UHFFFAOYSA-N	CCCCCCCCOC(=O)C(C)C
774	octyl_butyrate	110-39-4	PWLNAUNEAKQYLH-UHFFFAOYSA-N	CCCCCCCCOC(=O)CCC
775	geranyl_formate	105-86-2	FQMZVFJYMPNUCT-YRNVUSSQSA-N	CC(C)=CCC\C(C)=C\COC=O
776	methyl_ethyl_sulfide	625-80-9	XYWDPYKBIRQXQS-UHFFFAOYSA-N	CC(C)SC(C)C
777	isoamyl_salicylate	87-20-7	PMGCQNGBLMMXEW-UHFFFAOYSA-N	CC(C)CCOC(=O)c1ccccc1O
778	methyl_heptanoate	106-73-0	XNCNNDVCAUWAIT-UHFFFAOYSA-N	CCCCCCC(=O)OC
779	2-trans,_6-trans-nonadienal	17587-33-6	HZYHMHHBBBSGHB-DYWGDJMRSA-N	CC/C=C/CC\C=C\C=O
780	methyl_furfuryl_disulfide	57500-00-2	CLSLQQCDHOZMDT-UHFFFAOYSA-N	CSSCc1occc1
781	4-ethyl-2,6-dimethoxyphenol	14059-92-8	PJWDIHUFLXQRFF-UHFFFAOYSA-N	CCc1cc(OC)c(O)c(OC)c1
782	2-pentylpyridine	2294-76-0	HSDXVAOHEOSTFZ-UHFFFAOYSA-N	CCCCCc1ccccn1
783	3-hydroxy-4-phenylbutan-2-one	5355-63-5	QBCUUJGHWFKMDC-UHFFFAOYSA-N	CC(=O)C(CC1=CC=CC=C1)O
784	geranyl_acetate	105-87-3	HIGQPQRQIQDZMP-DHZHZOJOSA-N	CC(=O)OC/C=C(C)/CCC=C(C)C
785	phenethyl_benzoate	94-47-3	OSORMYZMWHVFOZ-UHFFFAOYSA-N	O=C(OCCc1ccccc1)c2ccccc2
786	1-penten-3-ol	616-25-1	VHVMXWZXFBOANQ-UHFFFAOYSA-N	CCC(O)C=C
787	isobutyl_butyrate	539-90-2	RGFNRWTWDWVHDD-UHFFFAOYSA-N	CCCC(=O)OCC(C)C
788	diethyl_succinate	123-25-1	DKMROQRQHGEIOW-UHFFFAOYSA-N	CCOC(=O)CCC(=O)OCC
789	nonyl_isovalerate	7786-47-2	JHKZVDVMXZGMOX-UHFFFAOYSA-N	CCCCCCCCCOC(=O)CC(C)C
790	cinnamyl_cinnamate	122-69-0	NQBWNECTZUOWID-MZXMXVKLSA-N	O=C(OC/C=C/c1ccccc1)/C=C/c2ccccc2
791	menthone	89-80-5	NFLGAXVYCFJBMK-UHFFFAOYSA-N	CC(C)C1CCC(C)CC1=O
792	propyl_propionate	106-36-5	MCSINKKTEDDPNK-UHFFFAOYSA-N	CCCOC(=O)CC
793	a-phellandrene	99-83-2	OGLDWXZKYODSOB-SNVBAGLBSA-N	CC(C)[C@H]1CC=C(C)C=C1
794	6,10-dimethyl-5,9-undecadien-2-one	689-67-8	HNZUNIKWNYHEJJ-FMIVXFBMSA-N	CC(C)=CCC\C(C)=C\CCC(C)=O
795	2-methyl-3-(p-isopropylphenyl)-propionaldehyde	103-95-7	HQQPOVNESMNPNH-UHFFFAOYSA-N	CC(C)c1ccc(cc1)C(C)CC=O
796	2-acetoxy-3-butanone	4906-24-5	ZKPTYCJWRHHBOW-UHFFFAOYSA-N	CC(C(=O)C)OC(=O)C
797	aconitic_acid	499-12-7	GTZCVFVGUGFEME-HNQUOIGGSA-N	OC(=O)C\C(=C/C(O)=O)C(O)=O
798	hexyl_alcohol	111-27-3	ZSIAUFGUXNUGDI-UHFFFAOYSA-N	CCCCCCO
799	1-phenyl-1,2-propanedione	579-07-7	BVQVLAIMHVDZEL-UHFFFAOYSA-N	CC(=O)C(=O)c1ccccc1
800	ethyl_formate	109-94-4	WBJINCZRORDGAQ-UHFFFAOYSA-N	CCOC=O
801	sodium_diacetate	126-96-5	BHZOKUMUHVTPBX-UHFFFAOYSA-M	[Na+].CC(O)=O.CC([O-])=O
802	3-ethyl-2-hydroxy-4-methylcylcopent-2-en-1-one	42348-12-9	RSVAFMGHIDKYKB-UHFFFAOYSA-N	CCC1=C(O)C(=O)CC1C
803	citronellyl_butyrate	141-16-2	XQPZQXTWYZAXAK-UHFFFAOYSA-N	CCCC(=O)OCCC(C)CCC=C(C)C
804	methyl_laurate	111-82-0	UQDUPQYQJKYHQI-UHFFFAOYSA-N	CCCCCCCCCCCC(=O)OC
805	isobutyl_phenylacetate	102-13-6	RJASFPFZACBKBE-UHFFFAOYSA-N	CC(C)COC(=O)Cc1ccccc1
806	isobutyl_alcohol	78-83-1	ZXEKIIBDNHEJCQ-UHFFFAOYSA-N	CC(C)CO
807	hexyl_phenylacetate	5421-17-0	MTAHGWGAEGVCLS-UHFFFAOYSA-N	CCCCCCOC(=O)Cc1ccccc1
808	2-acetyl-2-thiazoline	29926-41-8	FZOZFDAMVVEZSJ-UHFFFAOYSA-N	CC(=O)C1=NCCS1
809	isobutyl_hexanoate	105-79-3	UXUPPWPIGVTVQI-UHFFFAOYSA-N	CCCCCC(=O)OCC(C)C
810	tannic_acid	1401-55-4	LRBQNJMCXXYXIU-UHFFFAOYSA-N	Oc1cc(cc(O)c1O)C(=O)Oc2cc(cc(O)c2O)C(=O)OCC3OC(OC(=O)c4cc(O)c(O)c(OC(=O)c5cc(O)c(O)c(O)c5)c4)C(OC(=O)c6cc(O)c(O)c(OC(=O)c7cc(O)c(O)c(O)c7)c6)C(OC(=O)c8cc(O)c(O)c(OC(=O)c9cc(O)c(O)c(O)c9)c8)C3OC(=O)c%10cc(O)c(O)c(OC(=O)c%11cc(O)c(O)c(O)c%11)c%10
811	myristic_acid	544-63-8	TUNFSRHWOTWDNC-UHFFFAOYSA-N	CCCCCCCCCCCCCC(O)=O
812	2,2,3-trimethylcyclopent-3-en-1-yl_acetaldehyde	4501-58-0	YXGUBJPWGFKWQA-UHFFFAOYSA-N	CC(=O)C1CC=C(C)C1(C)C
813	d-octalactone	698-76-0	FYTRVXSHONWYNE-UHFFFAOYSA-N	CCCC1CCCC(=O)O1
814	4-(2-furyl)-3-buten-2-one	623-15-4	GBKGJMYPQZODMI-SNAWJCMRSA-N	CC(=O)\C=C\c1occc1
815	isoamyl_phenylacetate	102-19-2	QWBQBUWZZBUFHN-UHFFFAOYSA-N	CC(C)CCOC(=O)Cc1ccccc1
816	5-_and_6-decenoic_acid	85392-03-6	UJUXUEKQHBXUEM-AATRIKPKSA-N	CCCC/C=C/CCCC(O)=O
817	2-octen-4-one	4643-27-0	FMDLEUPBHMCPQV-GQCTYLIASA-N	CCCCC(=O)/C=C/C
818	2-methyltetrahydrofuran-3-one	3188-00-9	FCWYQRVIQDNGBI-UHFFFAOYSA-N	CC1OCCC1=O
819	1,2-ethanedithiol	540-63-6	VYMPLPIFKRHAAC-UHFFFAOYSA-N	SCCS
820	3-methylthio-1-hexanol	51755-66-9	JSASXSHMJYRPCM-UHFFFAOYSA-N	CCCC(CCO)SC
821	isoamyl_butyrate	106-27-4	PQLMXFQTAMDXIZ-UHFFFAOYSA-N	CCCC(=O)OCCC(C)C
822	salicylaldehyde	90-02-08	SMQUZDBALVYZAC-UHFFFAOYSA-N	Oc1ccccc1C=O
823	l-glutamic_acid	56-86-0	WHUUTDBJXJRKMK-UHFFFAOYSA-N	NC(CCC(O)=O)C(O)=O
824	5-hydroxy-4-octanone	496-77-5	BVEYJWQCMOVMAR-UHFFFAOYSA-N	CCCC(O)C(=O)CCC
825	d-undecalactone	710-04-3	YZRXRLLRSPQHDK-UHFFFAOYSA-N	CCCCCCC1CCCC(=O)O1
826	cis-3-hexenyl-2-methylbutyrate	53398-85-9	JKKGTSUICJWEKB-SREVYHEPSA-N	CC\C=C/CCOC(=O)C(C)CC
827	2-methyl-3-butenal	497-03-0	ACWQBUSCFPJUPN-HWKANZROSA-N	C\C=C(/C)C=O
828	glycine	56-40-6	DHMQDGOQFOQNFH-UHFFFAOYSA-N	NCC(O)=O
829	isopropyl_isobutyrate	617-50-5	WVRPFQGZHKZCEB-UHFFFAOYSA-N	CC(C)OC(=O)C(C)C
830	isopulegyl_acetate	57576-09-7	HLHIVJRLODSUCI-ADEWGFFLSA-N	C[C@@H]1CC[C@H]([C@@H](C1)OC(C)=O)C(C)=C
831	methyl_benzyl_disulfide	699-10-5	NWYGPVZOBBHKLI-UHFFFAOYSA-N	CSSCc1ccccc1
832	fumaric_acid	110-17-8	VZCYOOQTPOCHFL-OWOJBTEDSA-N	OC(=O)\C=C\C(O)=O
833	isobutyl_angelate	7779-81-9	XDEGQMQKHFPBEW-YVMONPNESA-N	C/C=C(/C)\C(=O)OCC(C)C
834	2,2-dimethyl-5-(1-methylpropen-1-yl)-__________________________________tetrahydrofuran	7416-35-5	LPEYLSKLVYWOEQ-VMPITWQZSA-N	C\C=C(/C)C1CCC(C)(C)O1
835	ethyl_acrylate	140-88-5	JIGUQPWFLRLWPJ-UHFFFAOYSA-N	CCOC(=O)C=C
836	2-methoxy-4-vinylphenol	7786-61-0	YOMSJEATGXXYPX-UHFFFAOYSA-N	COc1cc(C=C)ccc1O
837	adipic_acid	124-04-9	WNLRTRBMVRJNCN-UHFFFAOYSA-N	OC(=O)CCCCC(O)=O
838	2-trans-4-cis-7-cis-tridecatrienal	13552-96-0	BIXIZZVISIZZDM-JSHIYTDESA-N	CCCCC/C=C\C\C=C/C=C/C=O
839	ethyl_p-anisate	94-30-4	FHUODBDRWMIBQP-UHFFFAOYSA-N	CCOC(=O)c1ccc(OC)cc1
840	2-isopropylphenol	88-69-7	CRBJBYGJVIBWIY-UHFFFAOYSA-N	CC(C)c1ccccc1O
841	2,5_diethyl-3-methylpyrazine	32736-91-7	RJIREWQSLPRZFG-UHFFFAOYSA-N	CCc1cnc(CC)c(C)n1
842	dl-isomenthone	491-07-6	NFLGAXVYCFJBMK-UHFFFAOYSA-N	CC(C)C1CCC(C)CC1=O
843	methyl_3-nonenoate	13481-87-3	MTDCXFZGUVZRSQ-BQYQJAHWSA-N	CCCCC\C=C\CC(=O)OC
844	cinnamyl_butyrate	103-61-7	YZYPQKZWNXANRB-UXBLZVDNSA-N	CCCC(=O)OC/C=C/c1ccccc1
845	1-methyl-2,3-cyclohexadione	3008-43-3	JDXJKLGWPNXSHL-UHFFFAOYSA-N	CC1CCCC(=O)C1=O
846	dihydro-a-ionone	31499-72-6	JHJCHCSUEGPIGE-UHFFFAOYSA-N	CC(=O)CCC1C(=CCCC1(C)C)C
847	methyl_salicylate	119-36-8	OSWPMRLSEDHDFF-UHFFFAOYSA-N	COC(=O)c1ccccc1O
848	4-hydroxy-4-methyl-5-hexenoic_acid_gamma-lactone	1073-11-6	QESPSAHXYXIGBG-UHFFFAOYSA-N	CC1(CCC(=O)O1)C=C
849	methyl_propyl_disulfide	2179-60-4	PUCHCUYBORIUSM-UHFFFAOYSA-N	CCCSSC
850	pyrazine	290-37-9	KYQCOXFCLRTKLS-UHFFFAOYSA-N	c1cnccn1
851	o-(methylthio)phenol	1073-29-6	SOOARYARZPXNAL-UHFFFAOYSA-N	CSc1ccccc1O
852	isoamyl_nonanoate	7779-70-6	SHGMLOSSRPFLKG-UHFFFAOYSA-N	CCCCCCCCC(=O)OCCC(C)C
853	phenethylamine	64-04-0	BHHGXPLMPWCGHP-UHFFFAOYSA-N	NCCc1ccccc1
854	diethyl_malonate	105-53-3	IYXGSMUGOJNHAZ-UHFFFAOYSA-N	CCOC(=O)CC(=O)OCC
855	2-methylheptan-3-one	13019-20-0	XYYMFUCZDNNGFS-UHFFFAOYSA-N	CCCCC(=O)C(C)C
856	heptyl_formate	112-23-2	XEAMDSXSXYAICO-UHFFFAOYSA-N	CCCCCCCOC=O
857	benzyl_butyrate	103-37-7	VONGZNXBKCOUHB-UHFFFAOYSA-N	CCCC(=O)OCc1ccccc1
858	5-methyl-2-phenyl-2-hexenal	21834-92-4	YURDCJXYOLERLO-LCYFTJDESA-N	CC(C)C\C=C(C=O)/c1ccccc1
859	2-methyl-1-butanethiol	1878-18-8	WGQKBCSACFQGQY-UHFFFAOYSA-N	CCC(C)CS
860	ethyl_3-hydroxyhexanoate	2305-25-1	LYRIITRHDCNUHV-UHFFFAOYSA-N	CCCC(O)CC(=O)OCC
861	maltol	118-71-8	XPCTZQVDEJYUGT-UHFFFAOYSA-N	CC1=C(O)C(=O)C=CO1
862	heptyl_butyrate	5870-93-9	JPQHLIYIQARLQM-UHFFFAOYSA-N	CCCCCCCOC(=O)CCC
863	p-mentha-8-thiol-3-one	38462-22-5	RVOKNSFEAOYULQ-UHFFFAOYSA-N	CC1CCC(C(=O)C1)C(C)(C)S
864	2(4)-isobutyl-4(2),6-dimethyldihydro-4h-1,3,5-dithiazine	977161-98-0	@@@	@@@
865	propyl_butyrate	105-66-8	HUAZGNHGCJGYNP-UHFFFAOYSA-N	CCCOC(=O)CCC
866	propyl_isobutyrate	644-49-5	AZFUASHXSOTBNU-UHFFFAOYSA-N	CCCOC(=O)C(C)C
867	methyl_phenylacetate	101-41-7	CRZQGDNQQAALAY-UHFFFAOYSA-N	COC(=O)Cc1ccccc1
868	allyl_heptanoate	142-19-8	SJWKGDGUQTWDRV-UHFFFAOYSA-N	CCCCCCC(=O)OCC=C
869	methyl_linoleate_(48%)_methyl_linolenate_(52%)_mix-ture	977136-80-3	@@@	@@@
870	3-methyl-2,4-nonanedione	113486-29-6	BGVBGAIWXAXBLP-UHFFFAOYSA-N	CCCCCC(=O)C(C)C(=O)C
871	5h-5-methyl-6,7-dihydrocyclopenta(b)pyrazine	23747-48-0	COSMFKAROKURLX-ZCFIWIBFSA-O	C[C@@H]1CCC2=C1N=CC[NH2+]2
872	methyl-cis-4-octenoate	21063-71-8	SSPBQLGVUAXSMH-AATRIKPKSA-N	CCC/C=C/CCC(=O)OC
873	ethyl_crotonate	623-70-1	ZFDIRQKJPRINOQ-HWKANZROSA-N	CCOC(=O)\C=C\C
874	3-hexenyl_phenylacetate	42436-07-7	FJKFIIYSBXHBCT-ARJAWSKDSA-N	CC\C=C/CCOC(=O)Cc1ccccc1
875	3-nonanone	925-78-0	IYTXKIXETAELAV-UHFFFAOYSA-N	CCCCCCC(=O)CC
876	l-malic_acid	97-67-6	BJEPYKJPYRNKOW-REOHCLBHSA-N	O[C@@H](CC(O)=O)C(O)=O
877	acetal	105-57-7	DHKHKXVYLBGOIT-UHFFFAOYSA-N	CCOC(C)OCC
878	ethyl_10-undecenoate	692-86-4	FXNFFCMITPHEIT-UHFFFAOYSA-N	CCOC(=O)CCCCCCCCC=C
879	ethyl_palmitate	628-97-7	XIRNKXNNONJFQO-UHFFFAOYSA-N	CCCCCCCCCCCCCCCC(=O)OCC
880	g-undecalactone	104-67-6	PHXATPHONSXBIL-JTQLQIEISA-N	CCCCCCC[C@H]1CCC(=O)O1
881	geranyl_tiglate	7785-33-7	OGHBUHJLMHQMHS-KRDNBFTESA-N	CC=C(C)C(=O)OCC=C(C)CCC=C(C)C
882	2-propionylthiazole	43039-98-1	TYRAENAWSLPSLW-UHFFFAOYSA-N	CCC(=O)c1sccn1
883	(z)-4-dodecenal	21944-98-9	MMCDSVCBSAMNPL-HJWRWDBZSA-N	CCCCCCC/C=C\CCC=O
884	dihydrocarveol	619-01-2	KRCZYMFUWVJCLI-UHFFFAOYSA-N	CC1CCC(CC1O)C(C)=C
885	2-methoxy-4-methylphenol	93-51-6	PETRWTHZSKVLRE-UHFFFAOYSA-N	COc1cc(C)ccc1O
886	p,a,a-trimethylbenzyl_alcohol	1197-01-9	XLPDVYGDNRIQFV-UHFFFAOYSA-N	Cc1ccc(cc1)C(C)(C)O
887	3-phenylpropionaldehyde	104-53-0	YGCZTXZTJXYWCO-UHFFFAOYSA-N	O=CCCc1ccccc1
888	hexyl_propionate	2445-76-3	GOKKOFHHJFGZHW-UHFFFAOYSA-N	CCCCCCOC(=O)CC
889	rhodinol	6812-78-8	JGQFVRIQXUFPAH-JTQLQIEISA-N	C[C@H](CCO)CCCC(C)=C
890	2,3,5-trimethylpyrazine	14667-55-1	IAEGWXHKWJGQAZ-UHFFFAOYSA-N	Cc1cnc(C)c(C)n1
891	dehydromenthofurolactone	75640-26-5	ZRTWVYJNKXXDDT-UHFFFAOYSA-N	O=C1C(=C2CCC(C=C2O1)C)C
892	3-oxohexanoic_acid_glyceride	91052-72-1	AGHCATLQZLZHHD-UHFFFAOYSA-N	OCC(O)COC(=O)CC(=O)CCC
893	2,3-pentanedione	600-14-6	TZMFJUDUGYTVRY-UHFFFAOYSA-N	CCC(=O)C(C)=O
894	isoeugenyl_methyl_ether	93-16-3	NNWHUJCUHAELCL-SNAWJCMRSA-N	COc1ccc(\C=C\C)cc1OC
895	1,1-dimethoxyethane	534-15-6	SPEUIVXLLWOEMJ-UHFFFAOYSA-N	COC(C)OC
896	2,6,6-trimethylcyclohex-2-ene-1,4-dione	1125-21-9	AYJXHIDNNLJQDT-UHFFFAOYSA-N	CC1=CC(=O)CC(C)(C)C1=O
897	5-methyl-2-hepten-4-one	81925-81-7	ARJWAURHQDJJAC-GQCTYLIASA-N	CCC(C)C(=O)\C=C\C
898	carvone	6485-40-1	ULDHMXUKGWMISQ-SECBINFHSA-N	CC(=C)[C@@H]1CC=C(C)C(=O)C1
899	4-methylthio-2-butanone	34047-39-7	DRGHCRKOWMAZAO-UHFFFAOYSA-N	CC(=O)CCSC
900	potassium_sorbate	590-00-1	CHHHXKFHOYLYRE-STWYSWDKSA-M	[K+].C/C=C/C=C/C([O-])=O
901	2,3,5-trithiahexane	42474-44-2	MYIOBINSHMEDEY-UHFFFAOYSA-N	CSCSSC
902	2-nonenal	2463-53-8	BSAIUMLZVGUGKX-FPLPWBNLSA-N	CCCCCC\C=C/C=O
903	4-acetyl-2-methylpyrimidine	67860-38-2	ZADBZWAGUOHTAB-UHFFFAOYSA-N	CC(=O)c1ccnc(C)n1
904	thiazole	288-47-1	FZWLAAWBMGSTSO-UHFFFAOYSA-N	s1ccnc1
905	3-methylbutyl-2-methylpropanoate	2050-01-03	VFTGLSWXJMRZNB-UHFFFAOYSA-N	CC(C)CCOC(=O)C(C)C
906	bornyl_acetate	76-49-3	KGEKLUUHTZCSIP-UHFFFAOYSA-N	CC(=O)OC1CC2CCC1(C)C2(C)C
907	2-phenylpropionaldehyde	93-53-8	IQVAERDLDAZARL-UHFFFAOYSA-N	CC(C=O)c1ccccc1
908	3-phenylpropyl_acetate	122-72-5	JRJGKUTZNBZHNK-UHFFFAOYSA-N	CC(=O)OCCCc1ccccc1
909	2-heptanone	110-43-0	CATSNJVOTSVZJV-UHFFFAOYSA-N	CCCCCC(C)=O
910	ethyl_oleate	111-62-6	LVGKNOAMLMIIKO-VAWYXSNFSA-N	CCCCCCCC/C=C/CCCCCCCC(=O)OCC
911	2-acetylpyridine	1122-62-9	AJKVQEKCUACUMD-UHFFFAOYSA-N	CC(=O)c1ccccn1
912	indole	120-72-9	SIKJAQJRHWYJAI-UHFFFAOYSA-N	[nH]1ccc2ccccc12
913	n-butyric_acid	107-92-6	FERIUCNNQQJTOY-UHFFFAOYSA-N	CCCC(O)=O
914	pyrrolidine	123-75-1	FCLZCOCSZQNREK-UHFFFAOYSA-N	[H+].[Cl-].C1CCNC1
915	d,l-methionine	59-51-8	FFEARJCKVFRZRR-UHFFFAOYSA-N	CSCCC(N)C(O)=O
916	2-acetyl-3-methylpyrazine	23787-80-6	QUNOTZOHYZZWKQ-UHFFFAOYSA-N	CC(=O)c1nccnc1C
917	furfuryl_isovalerate	13678-60-9	FKGUIBCHHSHJNQ-UHFFFAOYSA-N	CC(C)CC(=O)OCc1occc1
918	2-pentanone	108-87-9	XNLICIUVMPYHGG-UHFFFAOYSA-N	CCCC(=O)C
919	butyl_isobutyrate	97-87-0	JSLCOZYBKYHZNL-UHFFFAOYSA-N	CCCCOC(=O)C(C)C
920	p-vinylphenol	2628-17-3	FUGYGGDSWSUORM-UHFFFAOYSA-N	Oc1ccc(C=C)cc1
921	citral_(neral)	5392-40-5	WTEVQBCEXWBHNA-JXMROGBWSA-N	CC(C)=CCC\C(C)=C\C=O
922	2-ethyl-1-hexanol	104-76-7	YIWUKEYIRIRTPP-UHFFFAOYSA-N	CCCCC(CC)CO
923	isobornyl_propionate	2756-56-1	FAFMZORPAAGQFV-UHFFFAOYSA-N	CCC(=O)OC1CC2CCC1(C)C2(C)C
924	bornyl_formate	7492-41-3	RDWUNORUTVEHJF-INWMGODYSA-N	CC1(C2CCC1([C@@H](C2)OC=O)C)C
925	3-hydroxy-2-pentanone	3142-66-3	HDKKRASBPHFULQ-UHFFFAOYSA-N	CCC(O)C(C)=O
926	2,6-dimethylpyrazine	108-50-9	HJFZAYHYIWGLNL-UHFFFAOYSA-N	Cc1cncc(C)n1
927	skatole	83-34-1	ZFRKQXVRDFCRJG-UHFFFAOYSA-N	Cc1c[nH]c2ccccc12
928	4-methyl-2-phenyl-2-pentenal	26643-91-4	ULRYRAHIBWLZKC-WQLSENKSSA-N	CC(C)\C=C(C=O)/c1ccccc1
929	isophorone	78-59-1	HJOVHMDZYOCNQW-UHFFFAOYSA-N	CC1=CC(=O)CC(C)(C)C1
930	isobornyl_acetate	125-12-2	KGEKLUUHTZCSIP-JFGNBEQYSA-N	CC(=O)O[C@H]1C[C@H]2CC[C@@]1(C)C2(C)C
931	1-octen-3-yl_acetate	2442-10-06	DOJDQRFOTHOBEK-UHFFFAOYSA-N	CCCCCC(OC(C)=O)C=C
932	isopropyl_2-methylbutyrate	66576-71-4	DIRDKDDFAMNBNY-UHFFFAOYSA-N	CCC(C)C(=O)OC(C)C
933	methyl_2-methyl-3-furyl_disulfide	65505-17-1	SRUTWBWLFKSTIS-UHFFFAOYSA-N	CSSc1ccoc1C
934	o-methoxycinnamaldehyde	1504-74-1	KKVZAVRSVHUSPL-GQCTYLIASA-N	COc1ccccc1/C=C/C=O
935	3-mercapto-3-methyl-1-butanol	34300-94-2	GBCGIJAYTBMFHI-UHFFFAOYSA-N	CC(C)(S)CCO
936	benzyl_hexanoate	6938-45-0	HRSXWUSONDBHSP-UHFFFAOYSA-N	CCCCCC(=O)OCc1ccccc1
937	furfuryl_acetate	623-17-6	CKOYRRWBOKMNRG-UHFFFAOYSA-N	CC(=O)OCc1occc1
938	p-mentha-1,8-dien-7-yl-acetate	15111-96-3	WTXBCFKGCNWPLS-UHFFFAOYSA-N	CC(=C)C1CCC(=CC1)COC(C)=O
939	glycerol	56-81-5	PEDCQBHIVMGVHV-UHFFFAOYSA-N	OCC(O)CO
940	2-acetyl-3-ethylpyrazine	32974-92-8	PPJSYGVFDJEMRP-UHFFFAOYSA-N	CCc1nccnc1C(C)=O
941	3-decanone	928-80-3	XJLDYKIEURAVBW-UHFFFAOYSA-N	CCCCCCCC(=O)CC
942	3,5-dimethyl-1,2-cyclopentadione	13494-07-0	MIDXCONKKJTLDX-UHFFFAOYSA-N	CC1CC(C)C(=O)C1=O
943	(e,e)-3,5-octadien-2-one	30086-02-3	GUUFTBQLGJOXEM-FZWLCVONSA-N	C/C=C/C/C=C/C(C)=O
944	acetaldehyde_diisoamyl_acetal	13002-09-0	LXKCTPBHCJDSKC-UHFFFAOYSA-N	CC(C)CCOC(C)OCCC(C)C
945	a-damascone	43052-87-5	CRIGTVCBMUKRSL-FNORWQNLSA-N	C/C=C/C(=O)C1C(=CCCC1(C)C)C
946	1,3,5-undecatriene_(a_mixture_of_1,3(e),5(z)-_and_______________1,3(e),5(e)-isomers)	16356-11-9	JQQDKNVOSLONRS-JEGFTUTRSA-N	CCCCC/C=C/C=C/C=C
947	3-methyl-2-buten-1-ol	556-82-1	ASUAYTHWZCLXAN-UHFFFAOYSA-N	CC(C)=CCO
948	2-ethyl-6-methylpyrazine	13925-03-6	RAFHQTNQEZECFL-UHFFFAOYSA-N	CCc1cncc(C)n1
949	benzyl_isovalerate	103-38-8	HVJKZICIMIWFCP-UHFFFAOYSA-N	CC(C)CC(=O)OCc1ccccc1
950	w-pentadecalactone	106-02-5	FKUPPRZPSYCDRS-UHFFFAOYSA-N	O=C1CCCCCCCCCCCCCCO1
951	farnesol	4602-84-0	CRDAMVZIKSXKFV-YFVJMOTDSA-N	CC(C)=CCC\C(C)=C\CC\C(C)=C\CO
952	cis-3-octen-1-ol	20125-84-2	YDXQPTHHAPCTPP-AATRIKPKSA-N	CCCC/C=C/CCO
953	campholene_acetate	1727-68-0	HBRWKAJTMKFEQR-UHFFFAOYSA-N	CC(=O)OCCC1CC=C(C)C1(C)C
954	geraniol	106-24-1	GLZPCOQZEFWAFX-JXMROGBWSA-N	CC(C)=CCC\C(C)=C\CO
955	furfuryl_propionate	623-19-8	LGBXNZSSTFWRFS-UHFFFAOYSA-N	CCC(=O)OCc1occc1
956	cinnamyl_acetate	103-54-8	WJSDHUCWMSHDCR-VMPITWQZSA-N	CC(=O)OC\C=C\c1ccccc1
957	methyl_octanoate	111-11-5	JGHZJRVDZXSNKQ-UHFFFAOYSA-N	CCCCCCCC(=O)OC
958	butyraldehyde	123-72-8	ZTQSAGDEMFDKMZ-UHFFFAOYSA-N	CCCC=O
959	phenethyl_hexanoate	6290-37-5	BUYNWUMUDHPPDS-UHFFFAOYSA-N	CCCCCC(=O)OCCc1ccccc1
960	2-acetylthiazole	24295-03-2	MOMFXATYAINJML-UHFFFAOYSA-N	CC(=O)c1sccn1
961	2,3-octanedione	585-25-1	XCBBNTFYSLADTO-UHFFFAOYSA-N	CCCCCC(=O)C(C)=O
962	4-methyl-5-thiazoleethanol	137-00-8	BKAWJIRCKVUVED-UHFFFAOYSA-N	Cc1ncsc1CCO
963	benzophenone	119-61-9	RWCCWEUUXYIKHB-UHFFFAOYSA-N	O=C(c1ccccc1)c2ccccc2
964	p-methylanisole	104-93-8	CHLICZRVGGXEOD-UHFFFAOYSA-N	COc1ccc(C)cc1
965	piperonal	120-57-0	SATCULPHIDQDRE-UHFFFAOYSA-N	O=Cc1ccc2OCOc2c1
966	erythrobic_acid	89-65-6	IFVCRSPJFHGFCG-HXPAKLQESA-N	[Na+].OC[C@H](O)C1OC(=O)[C-](O)C1=O
967	geranyl_isovalerate	109-20-6	BBEADJUJSGDTDD-RIYZIHGNSA-N	CC(C)CC(=O)OCC\C(C)=C\CC=C(C)C
968	isopropenylpyrazine	38713-41-6	JMKUTMOIKCXELD-UHFFFAOYSA-N	CC(=C)c1cnccn1
969	3-heptanol	589-82-2	RZKSECIXORKHQS-UHFFFAOYSA-N	CCCCC(O)CC
970	4-propenyl-2,6-dimethoxyphenol	20675-95-0	YFHOHYAUMDHSBX-SNAWJCMRSA-N	C/C=C/C1=CC(=C(C(=C1)OC)O)OC
971	methyl_hexanoate	106-70-7	NUKZAGXMHTUAFE-UHFFFAOYSA-N	CCCCCC(=O)OC
972	3-octen-2-one	1669-44-9	ZCFOBLITZWHNNC-VOTSOKGWSA-N	CCCC/C=C/C(C)=O
973	2-hexen-1-yl_acetate	2497-18-9	HRHOWZHRCRZVCU-WAYWQWQTSA-N	CCC\C=C/COC(C)=O
974	acetaldehyde	75-07-0	IKHGUXGNUITLKF-UHFFFAOYSA-N	CC=O
975	amyl_octanoate	638-25-5	GJWGZSBNFSBUPX-UHFFFAOYSA-N	CCCCCCCC(=O)OCCCCC
976	allyl_disulfide	2179-57-9	PFRGXCVKLLPLIP-UHFFFAOYSA-N	C=CCSSCC=C
977	linalyl_benzoate	126-64-7	BTJXBZZBBNNTOV-UHFFFAOYSA-N	CC(C)=CCCC(C)(OC(=O)c1ccccc1)C=C
978	3-octanone	106-68-3	RHLVCLIPMVJYKS-UHFFFAOYSA-N	CCCCCC(=O)CC
979	isopulegone	29606-79-9	RMIANEGNSBUGDJ-UHFFFAOYSA-N	CC1CCC(C(C)=C)C(=O)C1
980	2-pentanol	6032-29-7	JYVLIDXNZAXMDK-UHFFFAOYSA-N	CCCC(C)O
981	2-hepten-4-one	4643-25-8	TXVAOITYBBWKMG-HWKANZROSA-N	CCCC(=O)\C=C\C
982	2-methyl-3-tetrahydrofuranthiol	57124-87-5	DBPHPBLAKVZXOY-UHFFFAOYSA-N	CC1OCCC1S
983	2-methoxy-3-(1-methylpropyl)pyrazine	24168-70-5	QMQDJVIJVPEQHE-UHFFFAOYSA-N	CCC(C)c1nccnc1OC
984	methyl_disulfide	624-92-0	WQOXQRCZOLPYPM-UHFFFAOYSA-N	CSSC
985	styrene	100-42-5	PPBRXRYQALVLMV-UHFFFAOYSA-N	C=Cc1ccccc1
986	phenethyl_isovalerate	140-26-1	JIMGVOCOYZFDKB-UHFFFAOYSA-N	CC(C)CC(=O)OCCc1ccccc1
987	4-phenyl-3-buten-2-one	122-57-6	BWHOZHOGCMHOBV-BQYQJAHWSA-N	CC(=O)\C=C\c1ccccc1
988	ethyl_isovalerate	108-64-5	PPXUHEORWJQRHJ-UHFFFAOYSA-N	CCOC(=O)CC(C)C
989	1-p-menthen-9-yl_acetate	17916-91-5	MUAYHOYVOVZJFF-UHFFFAOYSA-N	CC1=CCC(CC1)C(C)OC(=O)C
990	5-methylfurfural	620-02-0	OUDFNZMQXZILJD-UHFFFAOYSA-N	Cc1oc(C=O)cc1
991	butyl_butyrate	109-21-7	XUPYJHCZDLZNFP-UHFFFAOYSA-N	CCCCOC(=O)CCC
992	2-pentanethiol	2084-19-7	QUSTYFNPKBDELJ-UHFFFAOYSA-N	CCCC(C)S
993	butyl_phenylacetate	122-43-0	LDOXTQYWWYXYSQ-UHFFFAOYSA-N	CCCCOC(=O)Cc1ccccc1
994	theaspirane	36431-72-8	GYUZHTWCNKINPY-UHFFFAOYSA-N	CC1CCC2(O1)C(=CCCC2(C)C)C
995	diacetyl	431-03-8	QSJXEFYPDANLFS-UHFFFAOYSA-N	CC(=O)C(C)=O
996	citronellol	26489-01-0	QMVPMAAFGQKVCJ-JTQLQIEISA-N	C[C@H](CCO)CCC=C(C)C
997	2-pentadecanone	2345-28-0	CJPNOLIZCWDHJK-UHFFFAOYSA-N	CCCCCCCCCCCCCC(C)=O
998	(e)-7-methyl-3-octen-2-one	33046-81-0	QFSMRIFNMXHJQK-FNORWQNLSA-N	CC(C)CC/C=C/C(C)=O
999	allyl_hexanoate	123-68-2	RCSBILYQLVXLJG-UHFFFAOYSA-N	CCCCCC(=O)OCC=C
1000	furfuryl_mercaptan	98-02-02	ZFFTZDQKIXPDAF-UHFFFAOYSA-N	SCc1occc1
1001	propyl_acetate	109-60-4	YKYONYBAUNKHLG-UHFFFAOYSA-N	CCCOC(C)=O
1002	4,5-dimethyl-3-hydroxy-2,5-dihydrofuran-2-one	28664-35-9	UNYNVICDCJHOPO-UHFFFAOYSA-N	CC1OC(=O)C(=C1C)O
1003	polyarabinogalactan	9036-66-2	SATHPVQTSSUFFW-UHFFFAOYSA-N	CC1C(C(C(C(O1)CO)O)OC2C(C(C(C(O2)COC3C(C(C(CO3)O)OC)O)O)OC)O)O
1004	propionaldehyde	123-38-6	NBBJYMSMWIIQGU-UHFFFAOYSA-N	CCC=O
1005	cis-3-hexenyl_formate	33467-73-1	XJHQVZQZUGLZLS-ARJAWSKDSA-N	CC\C=C/CCOC=O
1006	1-phenyl-1-propanol	93-54-9	DYUQAZSOFZSPHD-UHFFFAOYSA-N	CCC(O)c1ccccc1
1007	2-decenal	3913-71-1	MMFCJPPRCYDLLZ-HJWRWDBZSA-N	CCCCCCC\C=C/C=O
1008	sclareolide	564-20-5	IMKJGXCIJJXALX-UHFFFAOYSA-N	CC1(C)CCCC2(C)C1CCC3(C)OC(=O)CC23
1009	3,7-dimethyl-1-octanol	106-21-8	PRNCMAKCNVRZFX-UHFFFAOYSA-N	CC(C)CCCC(C)CCO
1010	a-campholenic_alcohol	1901-38-8	NPGPPCSBEMHHCR-UHFFFAOYSA-N	CC1=CCC(CCO)C1(C)C
1011	carvacrol	499-75-2	RECUKUPTGUEGMW-UHFFFAOYSA-N	CC(C)c1ccc(C)c(O)c1
1012	p-cymene	99-87-6	HFPZCAJZSCWRBC-UHFFFAOYSA-N	CC(C)c1ccc(C)cc1
1013	n-valeraldehyde	110-62-3	HGBOYTHUEUWSSQ-UHFFFAOYSA-N	CCCCC=O
1014	2-pentyl_acetate	626-38-0	GQKZRWSUJHVIPE-UHFFFAOYSA-N	CCCC(C)OC(C)=O
1015	nerol	106-25-2	GLZPCOQZEFWAFX-YFHOEESVSA-N	CC(C)=CCC\C(C)=C/CO
1016	isopropyl_benzoate	939-48-0	FEXQDZTYJVXMOS-UHFFFAOYSA-N	CC(C)OC(=O)c1ccccc1
1017	geranyl_hexanoate	10032-02-7	ARVSCQUZFFSNKF-NTCAYCPXSA-N	CCCCCC(=O)OC/C=C(C)/CCC=C(C)C
1018	undecanoic_acid	112-37-8	ZDPHROOEEOARMN-UHFFFAOYSA-N	CCCCCCCCCCC(O)=O
1019	cis-5-octen-1-ol	64275-73-6	VDHRTASWKDTLER-ARJAWSKDSA-N	CC\C=C/CCCCO
1020	1-pyrroline	5724-81-2	ZVJHJDDKYZXRJI-UHFFFAOYSA-N	C1CC=NC1
1021	methyl_isovalerate	556-24-1	OQAGVSWESNCJJT-UHFFFAOYSA-N	CC(C)CC(=O)OC
1022	cinnamaldehyde	104-55-2	KJPRLNWUNMBNBZ-QPJJXVBHSA-N	O=C/C=C/c1ccccc1
1023	2-methyl-2-pentenal	623-36-9	IDEYZABHVQLHAF-GQCTYLIASA-N	CC\C=C(/C)C=O
1024	tetrahydro-4-methyl-2-(2-methylpropen-1-yl)pyran	16409-43-1	CZCBTSFUTPZVKJ-UHFFFAOYSA-N	CC1CCOC(C1)C=C(C)C
1025	l-phenylalanine	63-91-2	COLNVLDHVKWLRT-UHFFFAOYSA-N	NC(Cc1ccccc1)C(O)=O
1026	d-sorbitol	50-70-4	FBPFZTCFMRRESA-UHFFFAOYSA-N	OCC(O)C(O)C(O)C(O)CO
1027	cyclopentanone	120-92-3	BGTOWKSIORTVQH-UHFFFAOYSA-N	O=C1CCCC1
1028	taurine	107-35-7	XOAAWQZATWQOTB-UHFFFAOYSA-N	NCC[S](O)(=O)=O
1029	ethyl_cinnamate	103-36-6	KBEBGUQPQBELIU-CMDGGOBGSA-N	CCOC(=O)\C=C\c1ccccc1
1030	methyl_acetate	79-20-9	KXKVLQRXCPHEJC-UHFFFAOYSA-N	COC(C)=O
1031	3-hexenoic_acid	4219-24-3	XXHDAWYDNSXJQM-ARJAWSKDSA-N	CC\C=C/CC(O)=O
1032	diethyl_tartrate	87-91-2	YSAVZVORKRDODB-UHFFFAOYSA-N	CCOC(=O)C(O)C(O)C(=O)OCC
1033	2-butanone	78-93-3	ZWEHNKRNPOVVGH-UHFFFAOYSA-N	CCC(C)=O
1034	a-propylphenethyl_alcohol	705-73-7	FCURFTSXOIATDW-UHFFFAOYSA-N	CCCC(O)Cc1ccccc1
1035	allyl_methyl_disulfide	2179-58-0	XNZOTQPMYMCTBZ-UHFFFAOYSA-N	CSSCC=C
1036	ethyl_valerate	539-82-2	ICMAFTSLXCXHRK-UHFFFAOYSA-N	CCCCC(=O)OCC
1037	cis-4-decenyl_acetate	67452-27-1	OVBJYGLPPVUWAV-FPLPWBNLSA-N	CCCCC\C=C/CCCOC(C)=O
1038	benzenethiol	108-98-5	RMVRSNDYEFQCLF-UHFFFAOYSA-N	Sc1ccccc1
1039	3-n-butylphthalide	6066-49-5	HJXMNVQARNZTEE-UHFFFAOYSA-N	CCCCC1OC(=O)c2ccccc12
1040	phenethyl_alcohol	60-12-08	WRMNZCZEMHIOCP-UHFFFAOYSA-N	OCCc1ccccc1
1041	ethyl_acetoacetate	141-97-9	XYIBRDXRRQCHLP-UHFFFAOYSA-N	CCOC(=O)CC(C)=O
1042	l-arginine	74-79-3	ODKSFYDXXFIFQN-UHFFFAOYSA-N	NC(CCCN=C(N)N)C(O)=O
1043	2-methoxy-3_(5_and_6)-isopropylpyrazine	25773-40-4	NTOPKICPEQUPPH-UHFFFAOYSA-N	COc1nccnc1C(C)C
1044	5-isopropenyl-2-methyl-2-vinyltetrahydrofuran	13679-86-2	XIGFNCYVSHOLIF-UHFFFAOYSA-N	CC(=C)C1CCC(C)(O1)C=C
1045	heptanal	111-71-7	FXHGMKSSBGDXIY-UHFFFAOYSA-N	CCCCCCC=O
1046	acetoin	513-86-0	ROWKJAVDOGWPAT-UHFFFAOYSA-N	CC(O)C(C)=O
1047	2-methylcyclohexanone	583-60-8	LFSAPCRASZRSKS-UHFFFAOYSA-N	CC1CCCCC1=O
1048	p-a-dimethyl_styrene	1195-32-0	MMSLOZQEMPDGPI-UHFFFAOYSA-N	CC(=C)c1ccc(C)cc1
1049	isopropyl_alcohol	67-63-0	KFZMGEQAYNKOFK-UHFFFAOYSA-N	CC(C)O
1050	2,3-heptanedione	96-04-08	FJPGAMCQJNLTJC-UHFFFAOYSA-N	CCCCC(=O)C(=O)C
1051	3-decen-2-one	10519-33-2	JRPDANVNRUIUAB-CMDGGOBGSA-N	CCCCCC/C=C/C(C)=O
1052	linalyl_isobutyrate	78-35-3	JZIARAQCPRDGAC-UHFFFAOYSA-N	CC(C)C(=O)OC(C)(CCC=C(C)C)C=C
1053	2-methyl-3-pentenoic_acid	37674-63-8	NFRJJFMXYKSRPK-ONEGZZNKSA-N	C/C=C/C(C)C(O)=O
1054	2-heptenal	2463-63-0	NDFKTBCGKNOHPJ-AATRIKPKSA-N	CCCC\C=C\C=O
1055	neryl_isobutyrate	2345-24-6	OGJYXQFXLSCKTP-LCYFTJDESA-N	CC(C)C(=O)OC\C=C(C)/CCC=C(C)C
1056	hydroxycitronellal_dimethyl_acetal	107-75-5	WPFVBOQKRVRMJB-UHFFFAOYSA-N	CC(CCCC(C)(C)O)CC=O
1057	ethyl_2-methylbutyrate	7452-79-1	HCRBXQFHJMCTLF-UHFFFAOYSA-N	CCOC(=O)C(C)CC
1058	phenethyl_octanoate	5457-70-5	ASETYIALRXDVDF-UHFFFAOYSA-N	CCCCCCCC(=O)OCCc1ccccc1
1059	propyl_thioacetate	2307-10-0	SBWFWBJCYMBZEY-UHFFFAOYSA-N	CCCSC(C)=O
1060	ethyl_myristate	124-06-1	MMKRHZKQPFCLLS-UHFFFAOYSA-N	CCCCCCCCCCCCCC(=O)OCC
1061	methyl-2-methylbutyrate	868-57-5	OCWLYWIFNDCWRZ-UHFFFAOYSA-N	CCC(C)C(=O)OC
1062	phosphoric_acid	7664-38-2	NBIIXXVUZAFLBC-UHFFFAOYSA-N	O[P](O)(O)=O
1063	butyl_ethyl_disulfide	63986-03-8	QEYJAENSRLNDFW-UHFFFAOYSA-N	CCCCSSCC
1064	phenol	108-95-2	ISWSIDIOOBJBQZ-UHFFFAOYSA-N	Oc1ccccc1
1065	benzaldehyde_propylene_glycol_acetal	2568-25-4	CDIKGISJRLTLRA-UHFFFAOYSA-N	CC1COC(O1)c2ccccc2
1066	butyl_heptanoate	5454-28-4	YPQSPODHFDGVAC-UHFFFAOYSA-N	CCCCCCC(=O)OCCCC
1067	1,4-cineole	470-67-7	RFFOTVCVTJUTAD-UHFFFAOYSA-N	CC(C)C12CCC(C)(CC1)O2
1068	ethyl_5-hexenoate	54653-25-7	RJLJOXJZWMGEFD-UHFFFAOYSA-N	CCOC(=O)CCCC=C
1069	myrtenol	515-00-4	RXBQNMWIQKOSCS-UHFFFAOYSA-N	CC1(C)C2CC=C(CO)C1C2
1070	benzaldehyde	100-52-7	HUMNYLRZRPPJDN-UHFFFAOYSA-N	O=Cc1ccccc1
1071	a-furfuryl_pentanoate	36701-01-6	HRYAVTBTUKVHBU-UHFFFAOYSA-N	CCCCC(=O)OCc1occc1
1072	s-methyl_thioacetate	1534-08-3	OATSQCXMYKYFQO-UHFFFAOYSA-N	CSC(C)=O
1073	n-propyl_hexanoate	626-77-7	HTUIWRWYYVBCFT-UHFFFAOYSA-N	CCCCCC(=O)OCCC
1074	2,6-dimethyl-4-heptanone	108-83-8	PTTPXKJBFFKCEK-UHFFFAOYSA-N	CC(C)CC(=O)CC(C)C
1075	phenethyl_isobutyrate	103-48-0	JDQVBGQWADMTAM-UHFFFAOYSA-N	CC(C)C(=O)OCCc1ccccc1
1076	3,4-dimethoxy-1-vinylbenzene	6380-23-0	NJXYTXADXSRFTJ-UHFFFAOYSA-N	COc1ccc(C=C)cc1OC
1077	4-methyl-2-oxopentanoic_acid	816-66-0	IXFAZKRLPPMQEO-UHFFFAOYSA-M	[Na+].CC(C)CC(=O)C([O-])=O
1078	citronellic_acid	502-47-6	GJWSUKYXUMVMGX-UHFFFAOYSA-N	CC(CCC=C(C)C)CC(O)=O
1079	1-methyl-1-cyclopenten-3-one	2758-18-1	CHCCBPDEADMNCI-UHFFFAOYSA-N	CC1=CC(=O)CC1
1080	4-hydroxy-2,3-dimethyl-2,4-nonadienoic_acid_gamma-lactone	774-64-1	MTQPZHNZYWAXEH-JXMROGBWSA-N	CCCC\C=C/1OC(=O)C(=C1C)C
1081	allyl_2-furoate	4208-49-5	SJRQTHAMRUOPBJ-UHFFFAOYSA-N	C=CCOC(=O)c1occc1
1082	nonyl_alcohol	143-08-8	ZWRUINPWMLAQRD-UHFFFAOYSA-N	CCCCCCCCCO
1083	s-methyl_hexanethioate	2432-77-1	AKGAHYLJHAOPKQ-UHFFFAOYSA-N	CCCCCC(=O)SC
1084	a-amylcinnamaldehyde	122-40-7	HMKKIXGYKWDQSV-KAMYIIQDSA-N	CCCCC/C(C=O)=C/c1ccccc1
1085	benzyl_mercaptan	100-53-8	UENWRTRMUIOCKN-UHFFFAOYSA-N	SCc1ccccc1
1086	pyroligneous_acid,_extract	8028-47-5	HYBBIBNJHNGZAN-UHFFFAOYSA-N	C1=COC(=C1)C=O
1087	ethyl_pyruvate	617-35-6	XXRCUYVCPSWGCC-UHFFFAOYSA-N	CCOC(=O)C(C)=O
1088	2-formyl-6,6-dimethyl_bicyclo_[3.1.1]_hept-2-ene	564-94-3	KMRMUZKLFIEVAO-UHFFFAOYSA-N	CC1(C)C2CC=C(C=O)C1C2
1089	3-phenyl-1-propanol	122-97-4	VAJVDSVGBWFCLW-UHFFFAOYSA-N	OCCCc1ccccc1
1090	methyl_jasmonate	1211-29-6	GEWDNTWNSAZUDX-WQMVXFAESA-N	CC\C=C/C[C@@H]1[C@H](CCC1=O)CC(=O)OC
1091	ethyl_benzoate	93-89-0	MTZQAGJQAFMTAQ-UHFFFAOYSA-N	CCOC(=O)c1ccccc1
1092	p-mentha-1,4-diene	99-85-4	YKFLAYDHMOASIY-UHFFFAOYSA-N	CC(C)C1=CCC(=CC1)C
1093	ethyl_cis-4-octenoate	34495-71-1	WRUZCQAJIHSQPL-SREVYHEPSA-N	CCC\C=C/CCC(=O)OCC
1094	butyl_propionate	590-01-2	BTMVHUNTONAYDX-UHFFFAOYSA-N	CCCCOC(=O)CC
1095	neryl_propionate	105-91-9	BYCHQEILESTMQU-XFXZXTDPSA-N	CCC(=O)OC\C=C(C)/CCC=C(C)C
1096	2-methyl-1,3-dithiolane	5616-51-3	CARJCVDELAMAEJ-UHFFFAOYSA-N	CC1SCCS1
1097	4-hydroxy-3-methyloctanoic_acid_lactone	39212-23-2	WNVCMFHPRIBNCW-UHFFFAOYSA-N	CCCCC1OC(=O)CC1C
1098	2-ethyl-4-hydroxy-5-methyl-3(2h)-furanone	27538-10-9	GWCRPYGYVRXVLI-UHFFFAOYSA-N	CCC1OC(=C(O)C1=O)C
1099	l-arabinose	5328-37-0	PYMYPHUHKUWMLA-UHFFFAOYSA-N	OCC(O)C(O)C(O)C=O
1100	cis-3-hexenyl_benzoate	25152-85-6	BCOXBEHFBZOJJZ-ARJAWSKDSA-N	CC\C=C/CCOC(=O)c1ccccc1
1101	hexyl_benzoate	6789-88-4	UUGLJVMIFJNVFH-UHFFFAOYSA-N	CCCCCCOC(=O)c1ccccc1
1102	2-heptanol	543-49-7	CETWDUZRCINIHU-UHFFFAOYSA-N	CCCCCC(C)O
1103	1-octen-3-yl_butyrate	16491-54-6	LZWFXVJBIZIHCH-UHFFFAOYSA-N	CCCCCC(OC(=O)CCC)C=C
1104	guaiacol	1990-05-01	LHGVFZTZFXWLCP-UHFFFAOYSA-N	COc1ccccc1O
1105	(+/?)-methyl_5-acetoxyhexanoate	35234-22-1	XZGQJRXRXRYNRI-UHFFFAOYSA-N	CC(CCCC(=O)OC)OC(=O)C
1106	ethyl_sorbate	2396-84-1	OZZYKXXGCOLLLO-TWTPFVCWSA-N	CCOC(=O)\C=C\C=C\C
